Creditability,Customer ID ,Account Balance,Duration of Credit (month),Payment Status of Previous Credit,Purpose,Credit Amount,Value Savings/Stocks,Length of current employment,Instalment per cent,Sex,Marital Status,Guarantors,Duration in Current address,Most valuable available asset,Age (years),Concurrent Credits,Type of apartment,No of Credits at this Bank,Occupation,No of dependents,Telephone,Foreign Worker
0,773,2,36,2,5,2384,1,2,4,0,3,1,1,4,33,3,1,1,2,1,647,1
0,1509,1,18,2,0,1216,1,2,4,0,2,1,3,3,23,3,1,1,3,1,403,1
0,1573,4,18,4,6,1864,2,3,4,1,2,1,2,1,30,3,2,2,3,1,403,1
0,3173,2,36,3,9,4455,1,3,2,0,1,1,2,1,30,2,2,2,4,1,647,1
0,3589,1,15,2,0,3959,1,3,3,0,2,1,2,2,29,3,2,1,3,1,403,1
0,5125,2,48,1,9,6416,1,5,4,0,2,1,3,4,59,3,1,1,3,1,647,1
0,5541,1,12,2,0,1228,1,3,4,0,2,1,2,1,24,3,2,1,2,1,647,1
0,7557,2,12,2,0,685,1,4,2,0,4,1,3,3,25,1,2,1,2,1,403,1
0,9797,3,9,2,3,745,1,3,3,1,2,1,2,1,28,3,2,1,2,1,403,1
0,11365,1,12,4,0,3499,1,3,3,0,2,2,2,1,29,3,2,2,3,1,647,1
0,12101,1,12,0,5,1108,1,4,4,0,3,1,3,1,28,3,2,2,3,1,403,1
0,12421,2,9,2,2,918,1,3,4,0,2,1,1,2,30,3,2,1,3,1,403,1
0,13733,2,9,4,6,1501,1,5,2,0,2,1,3,3,34,3,2,2,4,1,403,1
0,13861,4,12,3,5,1555,4,5,4,1,3,1,4,4,55,3,3,2,3,2,647,1
0,14469,2,12,2,3,766,3,3,4,0,3,1,3,1,66,3,2,1,2,1,403,1
0,14885,1,28,2,0,4006,1,3,3,0,3,1,2,3,45,3,2,1,2,1,403,1
0,16613,4,36,2,6,1819,1,3,4,1,3,1,4,4,37,2,3,1,3,1,403,1
0,16645,4,24,2,3,5943,5,2,1,1,2,1,1,3,44,3,2,2,3,1,403,1
0,16677,4,36,4,2,7127,1,2,2,1,2,1,4,2,23,3,1,2,3,1,647,1
0,16709,4,36,2,2,3349,1,3,4,1,2,1,2,3,28,3,2,1,4,1,403,1
0,16741,4,36,2,2,10974,1,1,4,1,2,1,2,3,26,3,2,2,4,1,647,1
0,17349,2,9,2,3,1670,1,2,4,0,2,1,2,3,22,3,2,1,3,1,403,1
0,17413,2,12,2,2,1922,1,3,4,0,3,1,2,2,37,3,2,1,2,1,647,1
0,18053,2,60,2,0,7408,2,2,4,0,2,1,2,2,24,3,2,1,4,1,403,1
0,18501,1,36,2,2,3446,1,5,4,0,3,1,2,3,42,3,2,1,3,2,647,1
0,18533,1,12,2,6,684,1,3,4,0,3,1,4,3,40,3,1,1,2,2,647,1
0,18565,1,33,4,2,4281,3,3,1,0,2,1,4,3,23,3,2,2,3,1,647,1
0,18597,1,42,2,3,7174,5,4,4,0,2,1,3,3,30,3,2,1,4,1,403,1
0,18629,1,24,1,3,1546,1,4,4,0,3,3,4,3,24,1,1,1,2,1,647,1
0,18661,1,24,2,2,2359,2,1,1,0,1,1,1,2,33,3,2,1,3,1,647,1
0,18693,4,24,2,3,3621,2,5,2,1,3,1,4,3,31,3,2,2,3,1,647,1
0,18725,1,12,2,4,741,2,1,4,0,2,1,3,2,22,3,2,1,3,1,647,1
0,18757,1,12,2,2,7865,1,5,4,0,3,1,4,4,53,3,3,1,4,1,403,1
0,19013,1,36,4,2,6229,1,2,4,0,2,2,4,4,23,3,1,2,2,1,403,1
0,19045,1,24,1,0,1193,1,1,1,0,2,2,4,4,29,3,1,2,1,1,403,1
0,19237,1,36,2,2,5179,1,4,4,0,3,1,2,2,29,3,2,1,3,1,647,1
0,19269,1,36,2,1,8229,1,3,2,0,3,1,2,2,26,3,2,1,3,2,403,1
0,19397,1,36,2,2,2712,1,5,2,0,3,1,2,2,41,1,2,1,3,2,403,1
0,19589,2,12,2,0,836,2,2,4,0,2,1,2,2,23,1,2,1,2,1,403,1
0,19845,1,30,2,2,3108,1,2,2,0,1,1,4,2,31,3,2,1,2,1,647,1
0,20421,1,12,4,2,2246,1,5,3,0,3,1,3,2,60,3,2,2,3,1,647,1
0,20645,1,48,4,1,6143,1,5,4,0,2,1,4,4,58,2,3,2,2,1,647,1
0,21061,2,24,4,3,1216,2,2,4,0,3,1,4,4,38,1,2,2,3,2,647,1
0,22117,1,24,2,3,1282,2,3,4,0,2,1,2,3,32,3,2,1,2,1,403,1
0,22469,1,36,2,1,8335,5,5,3,0,3,1,4,4,47,3,3,1,3,1,403,1
0,22725,1,48,1,9,7685,1,4,2,0,2,3,4,3,37,3,1,1,3,1,403,1
0,23013,4,24,2,9,4591,4,3,2,1,3,1,3,2,54,3,2,3,4,1,647,1
0,23045,2,18,2,2,1924,5,2,4,0,2,1,3,1,27,3,1,1,3,1,403,1
0,23077,2,72,2,3,5595,2,3,2,0,4,1,2,3,24,3,2,1,3,1,403,1
0,23109,2,48,3,6,6224,1,5,4,0,3,1,4,4,50,3,3,1,3,1,647,1
0,23813,1,24,2,2,2996,5,3,2,0,4,1,4,3,20,3,2,1,3,1,403,1
0,24101,1,9,2,0,654,1,3,4,0,3,1,3,3,28,3,2,1,2,1,403,1
0,24133,2,9,4,6,1136,4,5,4,0,3,1,3,4,32,3,3,2,3,2,403,1
0,24165,2,24,2,1,4113,3,2,3,0,2,1,4,3,28,3,1,1,3,1,647,1
0,24197,2,6,2,0,14555,5,1,1,0,3,1,2,2,23,3,2,1,1,1,403,1
0,24229,1,15,0,0,950,1,5,4,0,3,1,3,3,33,3,1,2,3,2,403,1
0,24261,1,24,4,0,1199,1,5,4,0,3,1,4,3,60,3,2,2,2,1,647,1
0,24293,1,12,0,0,1082,1,3,4,0,3,1,4,3,48,1,2,2,3,1,647,1
0,24325,2,30,2,0,2150,1,3,4,0,2,3,2,4,24,1,2,1,3,1,403,1
0,24357,2,36,4,0,2820,1,2,4,0,1,1,4,3,27,3,2,2,3,1,647,1
0,24389,2,48,2,3,3060,1,4,4,0,3,1,4,1,28,3,2,2,3,1,647,1
0,24421,1,18,2,3,2600,1,3,4,0,3,1,4,4,65,3,3,2,3,1,647,1
0,24453,4,21,0,0,5003,5,3,1,1,2,1,4,2,29,1,2,2,3,1,647,1
0,24485,2,60,2,6,6288,1,3,4,0,3,1,4,4,42,3,3,1,3,1,403,1
0,24517,4,24,3,0,2538,1,5,4,1,3,1,4,3,47,3,2,2,2,2,647,1
0,24549,4,9,2,3,1478,1,4,4,1,3,1,2,3,22,3,2,1,3,1,647,1
0,24581,2,39,4,3,4933,1,4,2,0,3,3,2,1,25,3,2,2,3,1,647,1
0,24613,4,18,4,0,1530,1,3,3,1,3,1,2,2,32,1,2,2,3,1,403,1
0,24645,2,9,1,0,1437,2,4,2,0,3,1,3,4,29,3,2,1,3,1,403,1
0,24677,1,15,2,4,1275,5,3,4,0,2,1,2,3,24,3,1,1,3,1,403,1
0,24709,1,24,2,3,1823,1,1,4,0,3,1,2,3,30,2,2,1,4,2,403,1
0,24741,1,9,2,0,1422,1,2,3,0,3,1,2,4,27,3,3,1,4,1,647,1
0,24773,1,18,2,4,1217,1,3,4,0,4,1,3,1,47,3,2,1,2,1,403,1
0,24805,1,36,2,0,9271,1,4,2,0,3,1,1,3,24,3,2,1,3,1,647,1
0,24837,1,36,3,9,2145,1,4,2,0,3,1,1,3,24,3,2,2,3,1,403,1
0,24869,1,36,2,0,1842,1,2,4,0,2,1,4,3,34,3,2,1,3,1,647,1
0,24901,2,18,3,2,4297,1,5,4,0,1,1,3,4,40,3,2,1,4,1,403,1
0,24933,1,6,4,2,3384,1,3,1,0,1,1,4,1,44,3,1,1,4,1,647,1
0,24965,2,18,4,3,1245,1,3,4,0,4,1,2,3,33,3,2,1,3,1,647,1
0,24997,4,15,2,6,4623,2,3,3,1,3,1,2,2,40,3,2,1,4,1,647,1
0,25029,2,30,4,2,8386,1,4,2,0,3,1,2,2,49,3,2,1,3,1,647,1
0,25061,1,24,3,3,1024,1,2,4,0,4,1,4,1,48,2,2,1,3,1,647,1
0,25093,2,36,2,0,14318,1,5,4,0,3,1,2,4,57,3,3,1,4,1,647,1
0,25125,2,6,1,6,433,4,2,4,0,2,1,2,2,24,1,1,1,3,2,403,1
0,25157,1,12,1,3,2149,1,3,4,0,1,1,1,4,29,3,3,1,3,1,403,1
0,25189,4,24,2,3,2397,3,5,3,1,3,1,2,3,35,1,2,2,3,1,647,1
0,25221,2,6,1,0,931,2,2,1,0,2,1,1,2,32,2,2,1,2,1,647,1
0,25253,2,15,3,5,1512,4,3,3,0,4,1,3,2,61,2,2,2,3,1,403,1
0,25285,2,24,0,9,4241,1,3,1,0,3,1,4,1,36,3,2,3,2,1,647,1
0,25317,2,24,4,2,4736,1,2,2,0,2,1,4,3,25,1,2,1,2,1,647,1
0,25349,2,15,0,0,1778,1,2,2,0,2,1,1,1,26,3,1,2,1,1,403,1
0,25381,3,15,2,3,2327,1,2,2,1,2,1,3,1,25,3,2,1,2,1,403,1
0,25413,1,24,1,2,6872,1,2,2,0,1,1,1,2,55,1,2,1,3,1,403,1
0,25445,1,12,2,6,795,1,2,4,0,2,1,4,2,53,3,2,1,3,1,403,1
0,25477,3,30,3,9,1908,1,5,4,1,3,1,4,1,66,3,2,1,4,1,647,1
0,25509,2,36,0,9,1953,1,5,4,0,3,1,4,4,61,3,3,1,4,1,647,1
0,25541,3,18,2,2,2864,1,3,2,1,3,1,1,1,34,3,2,1,2,2,403,1
0,25573,3,21,4,6,2319,1,2,2,1,1,1,1,3,33,3,1,1,3,1,647,1
0,25605,1,24,2,0,915,5,5,4,0,2,1,2,3,29,1,2,1,3,1,647,1
0,25637,3,24,2,0,947,1,4,4,1,3,1,3,4,38,1,3,1,3,2,403,1
0,25669,1,24,2,0,1381,5,3,4,0,2,1,2,2,35,3,2,1,3,1,647,1
0,25701,1,24,2,0,1285,5,4,4,0,2,1,4,4,32,3,1,1,3,1,647,1
0,25733,1,24,2,0,1371,5,3,4,0,2,1,4,1,25,3,1,1,3,1,647,1
0,25765,2,18,2,0,1042,5,3,4,0,2,1,2,2,33,3,2,1,3,1,647,1
0,25797,1,12,2,0,900,5,3,4,0,4,1,2,3,23,3,2,1,3,1,647,1
0,25829,1,24,2,0,1207,1,2,4,0,2,1,4,2,24,3,1,1,3,1,647,1
0,25861,2,18,0,0,2278,2,2,3,0,2,1,3,3,28,3,2,2,3,1,403,1
0,25893,1,60,3,9,6836,1,5,3,0,3,1,4,4,63,3,2,2,3,1,403,1
0,25925,1,24,2,2,3345,1,5,4,0,3,1,2,2,39,3,1,1,4,1,647,1
0,25957,1,6,1,6,1198,1,5,4,0,2,1,4,4,35,3,3,1,3,1,647,1
0,25989,2,48,2,9,15672,1,3,2,0,3,1,2,3,23,3,2,1,3,1,403,1
0,26021,1,60,2,9,7297,1,5,4,0,3,2,4,4,36,3,1,1,3,1,647,1
0,26053,4,18,2,5,1943,1,2,4,1,2,1,4,1,23,3,2,1,3,1,647,1
0,26085,1,18,2,3,3190,1,3,2,0,2,1,2,1,24,3,2,1,3,1,647,1
0,26117,2,9,1,1,5129,1,5,2,0,2,1,4,4,74,1,3,1,4,2,403,1
0,26149,4,18,3,2,1808,1,4,4,1,2,1,1,1,22,3,2,1,3,1,403,1
0,26181,3,10,2,0,1240,2,5,1,1,2,1,4,4,48,3,3,1,2,2,647,1
0,26213,1,12,2,0,759,1,4,4,0,3,1,2,1,26,3,2,1,3,1,403,1
0,26245,2,8,2,2,1237,1,3,3,0,2,1,4,1,24,3,2,1,3,1,403,1
0,26277,4,9,2,2,1980,1,2,2,1,2,2,2,3,19,3,1,2,3,1,647,1
0,26309,2,48,2,3,10961,4,4,1,0,3,2,2,4,27,1,2,2,3,1,647,1
0,26341,1,36,3,6,6887,1,3,4,0,3,1,3,2,29,2,2,1,3,1,403,1
0,26373,1,24,2,3,1938,1,2,4,0,1,1,3,2,32,3,2,1,3,1,403,1
0,26405,1,21,2,3,1835,1,3,3,0,2,1,2,1,25,3,2,2,3,1,403,1
0,26437,1,24,3,3,1659,1,2,4,0,2,1,2,3,29,3,1,1,2,1,647,1
0,26469,2,6,3,0,1209,1,1,4,0,3,1,4,2,47,3,2,1,4,1,403,1
0,26501,2,48,0,9,3844,2,4,4,0,3,1,4,4,34,3,3,1,2,2,647,1
0,26533,1,12,4,0,4843,1,5,3,0,3,2,4,2,43,3,1,2,3,1,403,1
0,26565,2,12,2,5,639,1,3,4,0,3,1,2,3,30,3,2,1,3,1,647,1
0,26597,2,48,2,3,5951,1,3,2,0,2,1,2,1,22,3,2,1,3,1,647,1
0,26629,2,36,0,3,3804,1,3,4,0,2,1,1,3,42,3,2,1,3,1,647,1
0,26661,4,36,3,3,4463,1,3,4,1,3,1,2,3,26,3,2,2,4,1,647,1
0,26693,4,36,3,9,7980,5,2,4,1,3,1,4,3,27,3,1,2,3,1,403,1
0,26725,3,36,2,3,4210,1,3,4,1,3,1,2,3,26,3,2,1,3,1,403,1
0,26757,4,6,2,2,4611,1,2,1,1,2,1,4,2,32,3,2,1,3,1,647,1
0,26789,2,24,2,1,11560,1,3,1,0,2,1,4,3,23,3,1,2,4,1,403,1
0,26821,4,18,0,9,4165,1,3,2,1,3,1,2,3,36,2,2,2,3,2,403,1
0,26853,2,24,2,2,4057,1,4,3,0,1,1,3,3,43,3,2,1,3,1,647,1
0,26885,4,18,1,0,6458,1,5,2,1,3,1,4,4,39,1,2,2,4,2,647,1
0,26917,4,12,2,0,1386,3,3,2,1,2,1,2,2,26,3,2,1,3,1,647,1
0,26949,1,36,2,6,1977,5,5,4,0,3,1,4,4,40,3,2,1,4,1,403,1
0,26981,2,18,4,2,1928,1,2,2,0,3,1,2,1,31,3,2,2,2,1,647,1
0,27013,4,12,2,2,1123,3,3,4,1,2,1,4,3,29,3,1,1,2,1,403,1
0,27045,2,24,2,10,11328,1,3,2,0,3,2,3,3,29,1,2,2,4,1,403,1
0,27077,2,24,4,10,11938,1,3,2,0,3,2,3,3,39,3,2,2,4,2,403,1
0,27109,2,27,4,3,2520,3,3,4,0,3,1,2,2,23,3,2,2,2,1,647,1
0,27141,2,30,3,3,1919,2,2,4,0,3,1,3,4,30,2,2,2,4,1,647,1
0,27173,2,60,1,10,14782,2,5,3,0,2,1,4,4,60,1,3,2,4,1,647,1
0,27205,2,36,2,3,2671,2,3,4,0,2,2,4,4,50,3,3,1,3,1,647,1
0,27237,2,36,2,6,12612,2,3,1,0,3,1,4,4,47,3,3,1,3,2,647,1
0,27269,2,45,2,3,3031,2,3,4,0,3,3,4,2,21,3,1,1,3,1,403,1
0,27301,1,12,1,3,626,1,3,4,0,2,1,4,1,24,1,2,1,2,1,403,1
0,27333,2,24,4,9,1935,1,5,4,0,1,1,4,1,31,3,2,2,3,1,403,1
0,27365,3,24,4,0,1344,5,4,4,1,3,1,2,1,37,1,2,2,2,2,647,1
0,27397,4,18,2,2,1533,1,2,4,1,4,2,1,2,43,3,2,1,2,2,647,1
0,27429,1,48,2,0,3931,1,4,4,0,3,1,4,4,46,3,3,1,3,2,647,1
0,27461,1,24,1,2,3349,3,2,4,0,3,1,4,4,30,3,3,1,3,2,403,1
0,27493,1,36,2,3,2302,1,3,4,0,1,1,4,3,31,3,1,1,3,1,647,1
0,27525,1,42,2,3,3965,1,2,4,0,3,1,3,3,34,3,2,1,3,1,647,1
0,27557,1,12,2,3,727,2,2,4,0,4,1,3,4,33,3,2,1,2,1,403,1
0,27589,4,48,2,9,3914,5,3,4,1,1,1,2,1,38,1,2,1,3,1,403,1
0,27621,1,48,2,9,4308,1,2,3,0,2,1,4,2,24,3,1,1,3,1,647,1
0,27653,2,12,2,3,1534,1,2,1,0,4,1,1,1,23,3,1,1,3,1,403,1
0,27685,4,18,4,0,2775,1,4,2,1,3,1,2,2,31,1,2,2,3,1,647,1
0,27717,1,40,4,6,5998,1,3,4,0,3,1,3,4,27,1,2,1,3,1,647,1
0,27749,3,15,4,3,1271,5,3,3,1,3,1,4,4,39,3,3,2,3,1,403,1
0,27781,2,12,2,0,1295,1,2,3,0,2,1,1,3,25,3,1,1,3,1,647,1
0,27813,2,36,2,1,9398,1,2,1,0,4,1,4,3,28,3,1,1,4,1,403,1
0,27845,2,12,2,2,951,2,2,4,0,2,1,4,3,27,1,1,4,3,1,647,1
0,27877,2,24,2,0,1355,1,2,3,0,2,1,4,3,25,3,2,1,2,1,403,1
0,27909,1,48,2,4,3051,1,3,3,0,3,1,4,3,54,3,2,1,3,1,403,1
0,27941,4,36,4,0,7855,1,3,4,1,2,1,2,1,25,2,2,2,3,1,403,1
0,27973,4,18,2,3,433,1,1,3,1,2,2,4,1,22,3,1,1,3,1,403,1
0,28005,4,36,3,9,9572,1,2,1,1,1,1,1,3,28,3,2,2,3,1,647,1
0,28037,2,24,1,6,1837,1,4,4,0,2,1,4,4,34,1,3,1,2,1,403,1
0,28069,2,30,4,0,4249,1,1,4,0,4,1,2,3,28,3,2,2,4,1,647,1
0,28101,2,30,4,0,5234,1,1,4,0,4,1,2,3,28,3,2,2,4,1,403,1
0,28133,1,48,2,3,6758,1,3,3,0,2,1,2,3,31,3,2,1,3,1,403,1
0,28165,1,9,2,3,1366,1,2,3,0,2,1,4,2,22,3,1,1,3,1,403,1
0,28197,1,24,1,10,1358,5,5,4,0,3,1,3,3,40,2,2,1,4,1,647,1
0,28229,1,18,2,2,2473,1,1,4,0,3,1,1,3,25,3,2,1,1,1,403,1
0,28261,3,9,0,3,1337,1,2,4,1,3,1,2,3,34,3,2,2,4,1,403,1
0,28293,1,48,2,0,7763,1,5,4,0,3,1,4,4,42,1,3,1,4,1,403,1
0,28325,2,15,1,0,1264,2,3,2,0,4,1,2,2,25,3,1,1,3,1,403,1
0,28357,2,15,2,0,2631,2,3,2,0,2,1,4,3,28,3,1,2,3,1,403,1
0,28389,2,48,2,0,6560,2,4,3,0,3,1,2,2,24,3,2,1,3,1,403,1
0,28421,1,24,2,0,3123,1,2,4,0,2,1,1,2,27,3,2,1,3,1,647,1
0,28453,1,36,4,6,8065,1,3,3,0,2,1,2,4,25,3,2,2,4,1,403,1
0,28485,1,24,2,3,2439,1,2,4,0,2,1,4,1,35,3,2,1,3,1,403,1
0,28517,2,36,2,2,9034,2,2,4,0,3,2,1,4,29,3,1,1,4,1,403,1
0,28549,2,60,2,0,14027,1,4,4,0,3,1,2,4,27,3,2,1,4,1,647,1
0,28581,1,36,4,1,9629,1,4,4,0,3,1,4,3,24,3,2,2,3,1,647,1
0,28613,2,12,2,3,1484,5,3,2,0,4,1,1,1,25,3,2,1,3,1,647,1
0,28645,1,18,2,2,1131,1,1,4,0,2,1,2,3,33,3,2,1,3,1,647,1
0,28677,2,24,3,2,2064,1,1,3,0,2,1,2,2,34,3,2,1,4,1,403,1
0,28709,2,18,2,1,12976,1,1,3,0,2,1,4,4,38,3,3,1,4,1,647,1
0,28741,4,21,3,9,2580,3,2,4,1,3,1,2,1,41,1,2,1,2,2,403,1
0,28773,4,27,2,0,2570,1,3,3,1,2,1,3,1,21,3,1,1,3,1,403,1
0,28805,2,27,2,9,3915,1,3,4,0,3,1,2,3,36,3,2,1,3,2,403,1
0,28837,4,10,2,0,1309,5,3,4,1,3,3,4,2,27,3,2,1,2,1,403,1
0,28869,1,24,2,0,4817,1,4,2,0,3,2,3,2,31,3,2,1,3,1,647,1
0,28901,1,12,2,0,2579,1,2,4,0,3,1,1,1,33,3,2,1,2,2,647,1
0,28933,2,36,3,0,2225,1,5,4,0,3,1,4,4,57,1,3,2,3,1,647,1
0,28965,1,18,2,2,4153,1,3,2,0,3,2,3,3,42,3,2,1,3,1,647,1
0,28997,1,18,0,2,3114,1,2,1,0,2,1,4,2,26,3,1,1,3,1,403,1
0,29029,1,18,4,2,2124,1,3,4,0,2,1,4,1,24,3,1,2,3,1,403,1
0,29061,1,18,1,2,1553,1,3,4,0,3,1,3,3,44,1,2,1,3,1,647,1
0,29093,1,30,2,2,2406,1,4,4,0,2,1,4,1,23,3,1,1,3,1,647,1
0,29125,1,24,3,0,1333,1,1,4,0,3,1,2,1,43,3,3,2,3,2,647,1
0,29157,1,48,0,2,7119,1,3,3,0,3,1,4,4,53,3,3,2,3,2,647,1
0,29189,1,24,3,0,4870,1,3,3,0,3,1,4,4,53,3,3,2,3,2,647,1
0,29221,1,12,4,0,691,1,5,4,0,3,1,3,2,35,3,2,2,3,1,403,1
0,29253,1,42,3,3,4370,1,4,3,0,3,1,2,2,26,1,2,2,3,2,647,1
0,29285,1,36,1,2,2746,1,5,4,0,3,1,4,3,31,1,2,1,3,1,403,1
0,29317,1,24,0,2,4110,1,5,3,0,3,1,4,4,23,1,1,2,3,2,403,1
0,29349,1,18,2,2,2462,1,3,2,0,3,1,2,3,22,3,2,1,3,1,647,1
0,29381,1,12,2,2,1282,1,3,2,0,2,1,4,3,20,3,1,1,3,1,647,1
0,29413,2,12,0,2,2969,1,2,4,0,2,1,3,2,25,3,1,2,3,1,403,1
0,29445,1,48,0,1,4605,1,5,3,0,3,1,4,4,24,3,3,2,3,2,403,1
0,29477,1,48,4,1,6331,1,5,4,0,3,1,4,4,46,3,3,2,3,1,403,1
0,29509,1,24,1,2,3552,1,4,3,0,3,1,4,3,27,1,2,1,3,1,647,1
0,29541,1,12,1,0,697,1,2,4,0,3,1,2,3,46,1,2,2,3,1,403,1
0,29573,1,24,2,0,1442,1,4,4,0,2,1,4,3,23,3,1,2,3,1,403,1
0,29605,1,27,0,9,5293,1,1,2,0,3,1,4,2,50,3,2,2,3,1,403,1
0,29637,1,21,3,6,3414,1,2,2,0,3,1,1,2,26,2,2,2,3,1,647,1
0,29669,1,18,2,2,2039,1,3,1,0,2,1,4,1,20,3,1,1,3,1,403,1
0,29701,1,24,1,9,3161,1,3,4,0,3,1,2,2,31,1,1,1,3,1,403,1
0,29733,1,12,2,8,902,1,4,4,0,4,1,4,2,21,3,1,1,3,1,403,1
0,29765,1,48,2,1,10297,1,4,4,0,3,1,4,4,39,3,3,3,3,2,647,1
0,29797,2,48,0,9,14421,1,3,2,0,3,1,2,3,25,2,2,1,3,1,647,1
0,29829,2,18,4,0,1056,1,5,3,0,3,3,3,1,30,3,2,2,3,1,403,1
0,29861,1,12,2,0,1274,1,2,3,0,2,1,1,1,37,1,2,1,2,1,403,1
0,29893,2,12,2,0,1223,1,5,1,0,1,1,1,1,46,3,1,2,3,1,647,1
0,29925,1,12,2,0,1372,1,4,2,0,1,1,3,3,36,3,2,1,3,1,403,1
0,29957,1,16,4,0,2625,1,5,2,0,3,3,4,2,43,3,1,1,3,1,647,2
0,29989,1,20,4,0,2235,1,3,4,0,4,3,2,2,33,1,1,2,3,1,403,2
0,30021,2,9,2,2,959,1,3,1,0,2,1,2,3,29,1,2,1,3,1,403,1
0,30053,2,18,4,0,884,1,5,4,0,3,1,4,3,36,3,2,1,3,2,403,1
0,30085,2,24,2,0,1246,1,2,4,0,3,1,2,1,23,1,2,1,2,1,403,1
0,30117,2,36,3,0,8086,2,5,2,0,3,1,4,3,42,2,2,4,4,1,403,1
0,30149,4,48,4,0,10127,3,3,2,1,3,1,2,4,44,3,3,1,3,1,403,1
0,30181,2,12,2,0,888,1,5,4,0,3,1,4,3,41,1,2,1,2,2,647,1
0,30213,4,12,2,6,719,1,5,4,1,3,1,4,3,41,1,2,1,2,2,403,1
0,30245,2,36,2,0,12389,5,3,1,0,3,1,4,4,37,1,3,1,3,1,403,1
0,30277,1,12,2,3,709,1,5,4,0,3,1,4,1,57,3,2,1,2,1,403,1
0,30309,2,15,1,0,6850,2,1,1,0,3,1,2,2,34,2,2,1,4,2,647,1
0,30341,4,10,2,2,2210,1,3,2,1,3,1,2,1,25,3,1,1,2,1,403,1
0,30373,4,30,1,1,7485,5,1,4,1,2,1,1,1,53,1,2,1,4,1,403,1
0,30405,1,18,1,0,1442,1,4,4,0,3,1,4,4,32,1,3,2,2,2,647,1
0,30437,4,12,4,3,797,5,5,4,1,2,1,3,2,33,3,2,1,2,2,403,1
0,30469,2,45,4,3,4746,1,2,4,0,3,1,2,2,24,1,2,2,2,1,403,1
0,30501,3,12,4,0,939,3,4,4,1,4,1,2,1,28,3,2,3,3,1,403,1
0,30533,2,21,2,9,1188,1,5,2,0,2,1,4,2,39,3,2,1,3,2,403,1
0,30565,4,48,4,1,11590,2,3,2,1,2,1,4,3,24,3,1,2,2,1,647,1
0,30597,3,12,1,9,609,1,2,4,1,2,1,1,1,26,1,2,1,1,1,403,1
0,30629,1,18,4,5,1190,1,1,2,0,2,1,4,4,55,3,3,3,1,2,647,1
0,30661,2,21,2,9,2767,2,5,4,0,1,1,2,3,61,3,1,2,2,1,647,1
0,30693,2,30,2,2,3441,2,3,2,0,2,2,4,3,21,1,1,1,3,1,647,1
0,30725,2,30,0,9,4280,2,3,4,0,2,1,4,3,26,3,1,2,2,1,647,1
0,30757,2,24,2,3,3092,2,2,3,0,4,1,2,3,22,3,1,1,3,1,647,1
0,30789,4,18,2,0,6761,5,3,2,1,3,1,4,3,68,2,1,2,3,1,403,1
0,30821,2,12,2,3,1331,1,2,2,0,3,1,1,3,22,3,2,1,3,1,403,1
0,30853,2,54,0,9,15945,1,2,3,0,3,1,4,4,58,3,1,1,3,1,403,1
0,30885,1,24,2,2,3234,1,2,4,0,2,1,4,1,23,3,1,1,2,1,647,1
0,30917,2,15,2,3,802,1,5,4,0,3,1,3,3,37,3,2,1,3,2,403,1
0,30949,2,48,2,2,9960,1,2,1,0,2,1,2,3,26,1,2,1,3,1,403,1
0,30981,4,24,3,9,8648,1,2,2,1,3,1,2,3,27,1,2,2,3,1,403,1
0,31013,1,18,2,3,1345,1,3,4,0,4,1,3,1,26,3,2,1,3,1,403,1
0,31045,1,45,2,3,1845,1,3,4,0,3,1,4,4,23,3,3,1,3,1,647,1
0,31077,1,21,1,0,1647,5,3,4,0,3,1,2,2,40,1,2,2,2,2,403,1
0,31109,4,48,2,9,4844,1,1,3,1,3,1,2,3,33,3,1,1,4,1,403,1
0,31141,2,27,0,9,8318,1,5,2,0,2,1,4,4,42,2,3,2,4,1,403,1
0,31173,3,18,2,3,2100,1,3,4,1,3,2,2,1,37,3,2,1,3,1,403,1
0,31205,1,45,0,9,11816,1,5,2,0,3,1,4,3,29,3,1,2,3,1,403,1
0,31237,1,6,2,6,448,1,2,4,0,2,1,4,2,23,3,2,1,3,1,403,1
0,31269,1,30,2,5,11998,1,2,1,0,1,1,1,4,34,1,2,1,2,1,647,1
0,31301,2,48,0,10,18424,1,3,1,0,2,1,2,2,32,1,2,1,4,1,647,2
0,31333,1,6,2,0,14896,1,5,1,0,3,1,4,4,68,1,2,1,4,1,647,1
0,31365,2,12,2,2,2762,5,5,1,0,2,1,2,2,25,3,2,1,3,1,403,1
0,31397,1,12,2,1,3386,1,5,3,0,3,1,4,4,35,3,3,1,3,1,403,1
0,31429,2,24,2,3,2039,1,2,1,0,4,1,1,2,22,3,2,1,3,1,647,1
0,31461,4,18,3,9,2169,1,3,4,1,4,1,2,3,28,3,2,1,3,1,403,1
0,31493,2,48,4,2,5096,1,3,2,0,2,1,3,3,30,3,2,1,4,1,647,1
0,31525,1,18,2,3,1882,1,3,4,0,2,1,4,3,25,1,1,2,3,1,647,1
0,31557,1,48,2,3,6999,1,4,1,0,4,3,1,1,34,3,2,2,3,1,403,1
0,31589,4,12,4,9,2292,1,1,4,1,3,1,2,3,42,2,2,2,4,1,403,1
0,31621,1,14,2,0,8978,1,5,1,0,1,1,4,2,45,3,2,1,4,1,403,2
0,31653,1,12,2,3,674,2,4,4,0,4,1,1,2,20,3,2,1,3,1,647,1
0,31685,1,18,2,0,976,1,2,1,0,2,1,2,3,23,3,2,1,2,1,647,1
0,31717,2,24,2,0,2718,1,3,3,0,2,1,4,2,20,3,1,1,2,1,647,1
0,31749,1,18,2,6,750,1,1,4,0,2,1,1,1,27,3,2,1,1,1,403,1
0,31781,2,24,2,1,12579,1,5,4,0,2,1,2,4,44,3,3,1,4,1,647,1
0,31813,1,18,2,1,7511,5,5,1,0,3,1,4,2,51,3,3,1,3,2,647,1
0,31845,1,18,4,0,3966,1,5,1,0,2,1,4,1,33,1,1,3,3,1,403,1
0,31877,1,12,0,3,6199,1,3,4,0,3,1,2,2,28,3,1,2,3,1,403,1
0,31909,1,24,2,3,1987,1,3,2,0,3,1,4,1,21,3,1,1,2,2,647,1
0,31941,1,24,2,0,2303,1,5,4,0,3,2,1,1,45,3,2,1,3,1,647,1
0,31973,4,21,4,0,12680,5,5,4,1,3,1,4,4,30,3,3,1,4,1,403,1
0,32005,2,12,2,3,6468,5,1,2,0,3,1,1,4,52,3,2,1,4,1,647,1
0,32037,1,30,2,2,6350,5,5,4,0,3,1,4,2,31,3,2,1,3,1,647,1
1,69,1,18,4,2,1049,1,2,4,0,2,1,4,2,21,3,1,1,3,1,416,1
1,101,1,9,4,0,2799,1,3,2,0,3,1,2,1,36,3,1,2,3,2,587,1
1,133,2,12,2,9,841,2,4,2,0,2,1,4,1,23,3,1,1,2,1,587,1
1,165,1,12,4,0,2122,1,3,3,0,3,1,2,1,39,3,1,2,2,2,514,2
1,197,1,12,4,0,2171,1,3,4,0,3,1,4,2,38,1,2,2,2,1,587,2
1,229,1,10,4,0,2241,1,2,1,0,3,1,3,1,48,3,1,2,2,2,416,2
1,261,1,8,4,0,3398,1,4,1,0,3,1,4,1,39,3,2,2,2,1,416,2
1,293,1,6,4,0,1361,1,2,2,0,3,1,4,1,40,3,2,1,2,2,708,2
1,325,4,18,4,3,1098,1,1,4,1,2,1,4,3,65,3,2,2,1,1,416,1
1,357,2,24,2,3,3758,3,1,1,0,2,1,4,4,23,3,1,1,1,1,514,1
1,389,1,11,4,0,3905,1,3,2,0,3,1,2,1,36,3,1,2,3,2,708,1
1,421,1,30,4,1,6187,2,4,1,0,4,1,4,3,24,3,1,2,3,1,708,1
1,453,1,6,4,3,1957,1,4,1,0,2,1,4,3,31,3,2,1,3,1,587,1
1,485,2,48,3,10,7582,2,1,2,0,3,1,4,4,31,3,2,1,4,1,416,1
1,517,1,18,2,3,1936,5,4,2,0,4,1,4,3,23,3,1,2,2,1,587,1
1,549,1,6,2,3,2647,3,3,2,0,3,1,3,1,44,3,1,1,3,2,514,1
1,581,1,11,4,0,3939,1,3,1,0,3,1,2,1,40,3,2,2,2,2,416,1
1,613,2,18,2,3,3213,3,2,1,0,4,1,3,1,25,3,1,1,3,1,514,1
1,645,2,36,4,3,2337,1,5,4,0,3,1,4,1,36,3,2,1,3,1,708,1
1,677,4,11,4,0,7228,1,3,1,1,3,1,4,2,39,3,2,2,2,1,416,1
1,709,1,6,4,0,3676,1,3,1,0,3,1,3,1,37,3,1,3,3,2,587,1
1,741,2,12,4,0,3124,1,2,1,0,3,1,3,1,49,1,2,2,2,2,514,1
1,805,2,12,4,4,1424,1,4,4,0,3,1,3,2,26,3,2,1,3,1,416,1
1,837,1,6,4,0,4716,5,2,1,0,3,1,3,1,44,3,2,2,2,2,587,1
1,869,2,11,3,3,4771,1,4,2,0,3,1,4,2,51,3,2,1,3,1,708,1
1,901,1,12,2,2,652,1,5,4,0,2,1,4,2,24,3,1,1,3,1,416,1
1,933,2,9,4,3,1154,1,5,2,0,3,1,4,1,37,3,2,3,2,1,514,1
1,965,4,15,2,0,3556,5,3,3,1,3,1,2,4,29,3,2,1,3,1,416,1
1,997,3,42,4,1,4796,1,5,4,1,3,1,4,4,56,3,3,1,3,1,514,1
1,1029,3,30,4,3,3017,1,5,4,1,3,1,4,2,47,3,2,1,3,1,587,1
1,1061,4,36,4,0,3535,1,4,4,1,3,1,4,3,37,3,2,2,3,1,587,1
1,1093,4,36,4,0,6614,1,5,4,1,3,1,4,3,34,3,2,2,4,1,514,1
1,1125,4,24,2,3,1376,3,4,4,1,2,1,1,3,28,3,2,1,3,1,514,1
1,1157,1,15,2,0,1721,1,2,2,0,3,1,3,1,36,3,2,1,3,1,708,1
1,1189,1,6,4,0,860,1,5,1,0,2,1,4,4,39,3,2,2,3,1,514,1
1,1221,4,12,4,0,1495,1,5,4,1,3,1,1,1,38,3,2,2,2,2,514,1
1,1253,4,12,4,3,1934,1,5,2,1,3,1,2,4,26,3,2,2,3,1,708,1
1,1285,4,18,2,1,3378,5,3,2,1,3,1,1,2,31,3,2,1,3,1,416,1
1,1317,4,24,4,1,3868,1,5,4,1,2,1,2,3,41,3,1,2,4,1,416,1
1,1349,4,12,4,5,996,5,4,4,1,2,1,4,1,23,3,2,2,3,1,514,1
1,1381,1,24,2,10,1755,1,5,4,0,2,3,4,1,58,3,2,1,2,1,416,1
1,1413,4,18,4,0,1028,1,3,4,1,2,1,3,1,36,3,2,2,3,1,587,1
1,1445,2,24,4,9,2825,5,4,4,0,3,1,3,4,34,3,2,2,3,2,708,1
1,1477,2,18,2,6,1239,5,3,4,0,3,1,4,4,61,3,3,1,3,1,514,1
1,1541,4,24,2,9,1258,1,4,4,1,3,1,1,1,25,3,2,1,3,1,587,1
1,1605,4,24,2,0,1474,2,2,4,1,4,1,3,1,33,3,2,1,3,1,514,1
1,1637,1,24,4,9,1382,2,4,4,0,3,1,1,1,26,3,2,2,3,1,416,1
1,1669,4,12,2,0,640,1,3,4,1,1,1,2,1,49,3,2,1,2,1,587,1
1,1701,3,36,2,3,3919,1,3,2,1,3,1,2,1,23,3,2,1,3,1,708,1
1,1733,4,9,4,0,1224,1,3,3,1,3,1,1,1,30,3,2,2,3,1,514,1
1,1765,4,12,4,3,2331,5,5,1,1,3,2,4,1,49,3,2,1,3,1,514,1
1,1797,4,24,2,1,6313,5,5,3,1,3,1,4,3,41,3,2,1,4,2,708,1
1,1829,1,12,4,3,385,1,4,4,0,2,1,3,1,58,3,2,4,2,1,587,1
1,1861,4,12,4,3,1655,1,5,2,1,3,1,4,1,63,3,2,2,2,1,514,1
1,1893,1,15,2,3,1053,1,2,4,0,4,1,2,1,27,3,2,1,3,1,587,2
1,1925,4,21,2,3,3160,5,5,4,1,3,1,3,2,41,3,2,1,3,1,587,1
1,1957,4,36,2,0,3079,5,3,4,1,3,1,4,1,36,3,2,1,3,1,514,1
1,1989,4,12,4,0,1163,3,3,4,1,3,1,4,1,44,3,2,1,3,1,587,1
1,2021,4,24,2,1,2679,1,2,4,1,2,1,1,4,29,3,2,1,4,1,708,1
1,2053,4,48,4,3,3578,5,5,4,1,3,1,1,1,47,3,2,1,3,1,708,1
1,2085,4,36,3,0,10875,1,5,2,1,3,1,2,3,45,3,2,2,3,2,587,1
1,2117,1,12,3,0,1344,1,3,4,0,3,1,2,1,43,3,2,2,2,2,416,1
1,2149,4,6,4,3,1237,2,3,1,1,2,1,1,2,27,3,2,2,3,1,416,1
1,2181,4,12,2,3,3077,1,3,2,1,3,1,4,3,52,3,2,1,3,1,587,1
1,2213,4,24,2,3,2284,1,4,4,1,3,1,2,3,28,3,2,1,3,1,708,1
1,2245,2,12,2,3,1567,1,3,1,0,2,1,1,3,22,3,2,1,3,1,587,1
1,2277,4,24,3,0,2032,1,5,4,1,3,1,4,4,60,3,3,2,3,1,708,1
1,2309,2,21,4,2,2745,4,4,3,0,3,1,2,3,32,3,2,2,3,1,416,1
1,2341,4,30,2,3,1867,5,5,4,1,3,1,4,3,58,3,2,1,3,1,416,1
1,2373,4,36,2,3,2299,3,5,4,1,3,1,4,3,39,3,2,1,3,1,587,1
1,2405,4,24,2,2,929,5,4,4,1,3,1,2,3,31,2,2,1,3,1,416,1
1,2437,3,12,2,3,3399,5,5,2,1,3,1,3,3,37,3,2,1,4,1,514,1
1,2469,2,9,2,2,2030,5,4,2,0,3,1,1,3,24,3,2,1,3,1,708,1
1,2501,4,21,4,1,3275,1,5,1,1,3,1,4,3,36,3,2,1,4,1,416,1
1,2533,4,24,4,0,1940,4,5,4,1,3,1,4,1,60,3,2,1,3,1,587,1
1,2565,1,21,4,0,1602,1,5,4,0,4,1,3,3,30,3,2,2,3,1,708,1
1,2597,4,15,2,3,1979,5,5,4,1,3,1,2,3,35,3,2,1,3,1,514,1
1,2629,4,24,4,0,2022,1,3,4,1,2,1,4,3,37,3,2,1,3,1,708,1
1,2661,4,36,4,3,3342,5,5,4,1,3,1,2,3,51,3,2,1,3,1,587,1
1,2693,2,18,2,0,5866,2,3,2,0,3,1,2,3,30,3,2,2,3,1,708,1
1,2725,3,15,4,1,2360,3,3,2,1,3,1,2,3,36,3,2,1,3,1,514,1
1,2757,4,15,4,2,1520,5,5,4,1,3,1,4,2,63,3,2,1,3,1,708,1
1,2789,1,12,2,0,3651,4,3,1,0,3,1,3,2,31,3,2,1,3,2,587,1
1,2821,4,24,4,1,2346,1,4,4,1,3,1,3,3,35,3,2,2,3,1,587,1
1,2853,4,36,3,3,4454,1,3,4,1,2,1,4,1,34,3,2,2,3,1,416,1
1,2885,1,6,4,0,666,4,4,3,0,2,1,4,1,39,3,2,2,2,1,587,1
1,2917,2,24,3,0,1965,5,3,4,0,2,1,4,3,42,3,1,2,3,1,514,1
1,2949,2,12,4,0,1995,2,2,4,0,3,1,1,3,27,3,2,1,3,1,587,1
1,2981,2,30,2,3,2991,5,5,2,0,2,1,4,3,25,3,2,1,3,1,514,1
1,3013,2,30,0,9,4221,1,3,2,0,2,1,1,3,28,3,2,2,3,1,708,1
1,3045,1,9,2,3,1364,1,4,3,0,3,1,4,1,59,3,2,1,3,1,416,1
1,3077,2,18,4,2,6361,1,5,2,0,3,1,1,4,41,3,2,1,3,1,708,1
1,3109,4,27,4,2,4526,4,2,4,1,3,1,2,1,32,2,2,2,2,2,514,1
1,3141,2,12,4,3,3573,1,3,1,0,2,1,1,1,23,3,2,1,2,1,514,1
1,3205,1,9,2,2,2136,1,3,3,0,3,1,2,1,25,3,2,1,3,1,587,1
1,3237,2,42,4,9,5954,1,4,2,0,2,1,1,1,41,1,2,2,2,1,514,1
1,3269,4,24,4,2,3777,4,3,4,1,3,1,4,1,40,3,2,1,3,1,708,1
1,3301,1,15,2,9,806,1,3,4,0,2,1,4,2,22,3,2,1,2,1,514,1
1,3333,2,24,3,9,4712,5,3,4,0,3,1,2,2,34,1,2,2,4,1,416,1
1,3365,2,36,3,0,7432,1,3,2,0,2,1,2,2,54,3,1,1,3,1,587,1
1,3397,4,24,4,3,1851,1,4,4,1,4,3,2,3,33,3,2,2,3,1,708,1
1,3429,4,24,2,0,1393,1,3,2,1,3,3,2,1,31,3,2,1,3,1,514,1
1,3461,4,12,4,9,1412,1,3,4,1,2,3,2,1,29,3,2,2,4,1,708,1
1,3493,4,18,2,3,1473,1,2,3,1,4,1,4,1,39,3,2,1,3,1,708,1
1,3525,4,24,2,3,1533,1,2,4,1,2,1,3,3,38,2,2,1,3,1,708,1
1,3557,4,12,4,6,2012,5,4,4,1,2,1,2,3,61,3,2,1,3,1,587,1
1,3621,1,6,2,2,428,1,5,2,0,2,1,1,2,49,1,2,1,3,1,514,1
1,3653,2,12,4,0,2366,3,4,3,0,1,1,3,3,36,3,2,1,4,1,416,1
1,3685,4,12,2,2,763,1,3,4,1,2,1,1,1,26,3,2,1,3,1,416,1
1,3717,2,21,2,2,3976,5,4,2,0,3,1,3,3,35,3,2,1,3,1,708,1
1,3749,2,18,2,0,6260,1,4,3,0,3,1,3,1,28,3,1,1,2,1,514,1
1,3781,2,9,4,2,1919,1,4,4,0,3,1,3,3,35,3,1,1,3,1,708,1
1,3813,4,24,2,1,2603,4,3,2,1,2,1,4,3,28,3,1,1,3,1,587,1
1,3845,4,9,4,6,936,3,5,4,1,3,1,2,3,52,3,2,2,3,1,416,1
1,3877,4,24,2,2,3062,3,5,4,1,3,1,3,4,32,3,1,1,3,1,587,1
1,3909,2,36,2,3,4795,1,2,4,0,2,1,1,4,30,3,2,1,4,1,587,1
1,3941,4,36,4,1,5842,1,5,2,1,3,1,2,2,35,3,2,2,3,2,416,1
1,3973,2,6,2,3,2063,1,2,4,0,4,1,3,3,30,3,1,1,4,1,708,1
1,4005,4,15,4,3,1459,1,3,4,1,2,1,2,3,43,3,2,1,2,1,514,1
1,4037,4,15,2,3,1213,3,5,4,1,3,1,3,2,47,2,2,1,3,1,416,1
1,4069,4,24,4,3,5103,1,2,3,1,4,1,3,4,47,3,3,3,3,1,416,1
1,4101,4,15,2,4,874,5,2,4,1,2,1,1,1,24,3,2,1,3,1,514,1
1,4133,4,6,2,2,2978,3,3,1,1,3,1,2,3,32,3,2,1,3,1,514,1
1,4165,4,18,2,0,1820,1,3,2,1,4,1,2,2,30,3,2,1,4,1,587,1
1,4197,4,24,4,3,2872,2,5,3,1,3,1,4,1,36,3,2,1,3,2,587,1
1,4229,3,24,2,2,1925,1,3,2,1,3,1,2,1,26,3,2,1,3,1,587,1
1,4261,4,18,2,2,2515,1,3,3,1,3,1,4,1,43,3,2,1,3,1,587,1
1,4293,3,6,2,2,2116,1,3,2,1,3,1,2,1,41,3,2,1,3,1,708,1
1,4325,4,18,2,3,1453,1,2,3,1,2,1,1,1,26,3,2,1,3,1,514,1
1,4357,4,10,2,0,1364,1,3,2,1,2,1,4,3,64,3,2,1,3,1,587,1
1,4389,4,6,2,2,1543,4,3,4,1,1,1,2,1,33,3,2,1,3,1,587,1
1,4421,2,12,2,0,1318,4,5,4,0,3,1,4,1,54,3,2,1,3,1,587,1
1,4453,1,24,1,0,2325,2,4,2,0,3,1,3,3,32,1,2,1,3,1,708,1
1,4485,2,6,4,8,932,5,4,1,0,2,1,3,2,39,3,2,2,2,1,416,1
1,4517,3,24,4,3,3148,5,3,3,1,3,1,2,3,31,3,2,2,3,1,514,1
1,4549,4,36,2,3,3835,5,5,2,1,2,1,4,1,45,3,2,1,2,1,708,1
1,4581,4,9,2,6,3832,5,5,1,1,3,1,4,1,64,3,2,1,2,1,416,1
1,4613,2,24,2,3,5084,5,5,2,0,2,1,4,3,42,3,2,1,3,1,416,1
1,4645,4,9,4,2,2406,1,1,2,1,3,1,3,3,31,3,2,1,4,1,416,1
1,4677,4,36,2,3,2394,5,3,4,1,2,1,4,3,25,3,2,1,3,1,587,1
1,4709,4,21,2,1,2476,5,5,4,1,3,1,4,1,46,3,2,1,4,1,587,1
1,4741,1,24,2,1,2964,5,5,4,0,3,1,4,4,49,1,3,1,3,2,514,1
1,4773,1,12,2,2,1262,5,5,2,0,1,1,4,2,49,3,2,1,2,1,514,1
1,4805,4,12,2,9,1542,1,4,2,1,3,1,4,3,36,3,2,1,3,1,514,1
1,4837,2,24,4,3,1743,1,5,4,0,3,1,2,2,48,3,2,2,2,1,416,1
1,4869,3,12,1,3,409,4,3,3,1,2,1,3,1,42,3,1,2,3,1,708,1
1,4901,4,12,2,3,2171,1,2,2,1,2,1,2,3,29,1,2,1,3,1,587,1
1,4933,4,48,4,1,8858,5,4,2,1,3,1,1,4,35,3,3,2,3,1,416,1
1,4965,2,24,2,0,3512,2,4,2,0,3,1,3,3,38,1,2,2,3,1,416,1
1,4997,2,12,2,3,1158,3,3,3,0,1,1,1,3,26,3,2,1,3,1,587,1
1,5029,4,24,4,3,2684,1,3,4,1,3,1,2,1,35,3,2,2,2,1,416,1
1,5061,1,12,2,3,1498,1,3,4,0,2,1,1,3,23,1,2,1,3,1,514,1
1,5093,4,30,4,3,5954,1,4,3,1,3,2,2,3,38,3,2,1,3,1,587,1
1,5157,2,12,4,2,3617,1,5,1,0,3,1,4,3,28,3,1,3,3,1,587,1
1,5189,4,12,4,3,1291,1,3,4,1,2,1,2,2,35,3,2,2,3,1,708,1
1,5221,3,24,4,9,1275,4,3,2,1,1,1,4,1,36,3,2,2,3,1,416,1
1,5253,4,24,2,2,3972,1,4,2,1,2,1,4,2,25,3,1,1,3,1,708,1
1,5285,4,15,4,2,3343,1,3,4,1,3,1,2,4,28,3,3,1,3,1,514,1
1,5317,3,15,2,6,392,1,2,4,1,2,1,4,2,23,3,1,1,3,1,514,1
1,5349,4,9,4,0,2134,1,3,4,1,3,1,4,3,48,3,2,3,3,1,416,1
1,5381,4,30,4,3,5771,1,4,4,1,2,1,2,3,25,3,2,2,3,1,587,1
1,5413,4,24,4,9,4526,1,3,3,1,3,1,2,1,74,3,2,1,4,1,708,1
1,5445,4,15,4,2,2788,1,4,2,1,2,2,3,3,24,1,2,2,3,1,708,1
1,5477,4,6,4,3,1382,1,3,1,1,2,1,1,3,28,3,2,2,3,1,416,1
1,5509,3,36,2,3,5848,1,3,4,1,3,1,1,3,24,3,2,1,3,1,587,1
1,5573,3,12,2,3,1297,1,3,3,1,4,1,4,1,23,3,1,1,3,1,514,1
1,5605,4,24,2,3,1552,1,4,3,1,3,1,1,3,32,1,2,1,3,2,708,1
1,5637,4,12,2,3,1963,1,4,4,1,3,1,2,3,31,3,1,2,4,2,587,1
1,5669,4,24,2,3,3235,3,5,3,1,1,1,2,3,36,3,2,1,4,1,416,1
1,5701,4,24,4,9,4139,2,3,3,1,3,1,3,2,27,3,2,2,2,1,514,1
1,5733,2,12,4,1,1804,2,2,3,0,3,1,4,2,44,3,2,1,3,1,587,1
1,5765,4,18,2,9,1950,1,4,4,1,3,1,1,3,34,2,2,2,3,1,587,1
1,5797,4,48,3,3,12749,3,4,4,1,3,1,1,3,37,3,2,1,4,1,587,1
1,5829,4,9,2,4,1236,1,2,1,1,2,1,4,1,23,3,1,1,3,1,587,1
1,5861,4,18,4,0,1055,1,2,4,1,2,1,1,2,30,3,2,2,3,1,587,1
1,5893,1,30,0,9,8072,5,2,2,0,3,1,3,3,25,1,2,3,3,1,708,1
1,5925,4,30,4,3,2831,1,3,4,1,2,1,2,3,33,3,2,1,3,1,708,1
1,5957,4,9,2,9,1449,1,4,3,1,2,1,2,3,27,3,2,2,3,1,708,1
1,5989,4,36,2,9,5742,2,4,2,1,3,1,2,3,31,3,2,2,3,1,587,1
1,6021,4,12,2,0,2390,5,5,4,1,3,1,3,3,50,3,2,1,3,1,708,1
1,6053,4,24,2,3,3430,3,5,3,1,3,1,2,3,31,3,2,1,3,2,514,1
1,6085,2,36,2,6,2273,1,4,3,0,3,1,1,3,32,3,2,2,3,2,514,1
1,6117,3,21,2,0,2923,2,3,1,1,2,1,1,3,28,1,2,1,4,1,708,1
1,6149,4,24,2,3,1901,2,3,4,1,3,1,4,3,29,3,1,1,4,1,514,1
1,6181,2,36,2,6,3711,5,3,2,0,4,1,2,3,27,3,2,1,3,1,587,1
1,6213,2,48,2,0,8487,5,4,1,0,2,1,2,3,24,3,2,1,3,1,587,1
1,6245,4,24,2,0,2255,5,2,4,1,3,1,1,2,54,3,2,1,3,1,514,1
1,6277,4,12,2,3,1262,1,3,3,1,3,1,2,3,25,3,2,1,3,1,708,1
1,6309,4,33,4,1,7253,1,4,3,1,3,1,2,3,35,3,2,2,4,1,708,1
1,6341,4,6,4,0,6761,1,4,1,1,3,1,3,4,45,3,2,2,4,2,514,1
1,6373,4,18,4,2,1817,1,3,4,1,2,1,2,4,28,3,2,2,3,1,708,1
1,6405,4,12,2,3,2141,2,4,3,1,3,1,1,4,35,3,2,1,3,1,708,1
1,6437,4,48,1,9,3609,1,3,1,1,2,1,1,1,27,2,2,1,3,1,416,1
1,6469,4,30,2,3,2333,3,5,4,1,3,1,2,3,30,1,2,1,4,1,587,1
1,6501,4,28,1,1,7824,5,2,3,1,3,3,4,1,40,1,1,2,3,2,587,1
1,6533,3,18,1,3,1445,5,4,4,1,3,1,4,3,49,1,2,1,2,1,514,1
1,6565,1,24,2,2,7721,5,2,1,0,2,1,2,2,30,3,2,1,3,1,416,2
1,6597,1,21,2,0,3763,5,4,2,0,3,2,2,1,24,3,2,1,2,1,514,2
1,6629,2,18,2,9,4439,1,5,1,0,3,2,1,1,33,1,2,1,4,1,587,1
1,6661,1,12,2,3,1107,1,3,2,0,3,1,2,1,20,3,1,1,4,2,514,1
1,6693,2,15,2,3,1444,5,2,4,0,3,1,1,2,23,3,2,1,3,1,514,1
1,6725,2,48,1,0,12169,5,1,4,0,3,2,4,4,36,3,3,1,4,1,514,1
1,6757,4,9,2,3,2753,2,5,3,1,3,2,4,3,35,3,2,1,3,1,708,1
1,6789,3,4,2,0,1494,5,2,1,1,3,1,2,1,29,3,2,1,2,2,708,2
1,6821,1,24,1,2,2828,3,3,4,0,3,1,4,1,22,2,2,1,3,1,416,1
1,6853,1,24,1,2,2483,3,3,4,0,3,1,4,1,22,2,2,1,3,1,708,1
1,6885,3,6,4,0,1299,1,3,1,1,3,1,1,1,74,3,2,3,1,2,416,2
1,6917,2,9,2,0,1549,5,2,4,0,3,1,2,1,35,3,2,1,1,1,416,1
1,6949,3,10,2,0,3949,1,2,1,1,3,3,1,2,37,3,2,1,2,2,514,1
1,6981,4,10,2,1,2901,5,2,1,1,2,1,4,1,31,3,1,1,3,1,514,1
1,7013,3,6,2,0,709,4,2,2,1,4,1,2,1,27,3,2,1,1,1,416,2
1,7045,1,47,2,0,10722,1,2,1,0,2,1,1,1,35,3,2,1,2,1,708,1
1,7077,4,10,2,0,1287,5,5,4,1,3,2,2,2,45,3,2,1,2,1,416,2
1,7109,1,18,1,3,1940,1,2,3,0,3,2,4,4,36,1,3,1,4,1,416,1
1,7141,3,30,4,3,3656,5,5,4,1,3,1,4,2,49,2,2,2,2,1,514,1
1,7173,4,24,3,1,4679,1,4,3,1,3,1,3,3,35,3,2,2,2,1,708,1
1,7205,4,27,3,1,8613,4,3,2,1,3,1,2,3,27,3,2,2,3,1,416,1
1,7237,1,18,2,2,2659,4,3,4,0,3,1,2,3,28,3,2,1,3,1,708,1
1,7269,4,24,4,3,1516,4,3,4,1,2,1,1,1,43,3,2,2,2,1,416,1
1,7301,1,18,2,0,4380,2,3,3,0,3,1,4,3,35,3,2,1,2,2,587,1
1,7333,4,14,3,0,802,1,3,4,1,3,1,2,3,27,3,2,2,2,1,514,1
1,7365,4,21,2,9,1572,4,5,4,1,2,1,4,1,36,1,2,1,2,1,587,1
1,7397,2,48,1,9,3566,2,4,4,0,3,1,2,3,30,3,2,1,3,1,708,1
1,7429,4,24,2,3,1278,1,5,4,1,3,1,1,1,36,3,2,1,4,1,416,1
1,7461,4,6,0,3,426,1,5,4,1,4,1,4,3,39,3,2,1,2,1,587,1
1,7493,4,39,2,1,8588,2,5,4,1,3,1,2,3,45,3,2,1,4,1,587,1
1,7525,1,30,2,1,3857,1,3,4,0,1,1,4,2,40,3,2,1,4,1,587,1
1,7589,1,24,2,3,1603,1,5,4,0,2,1,4,3,55,3,2,1,3,1,416,1
1,7621,4,21,2,2,2241,1,5,4,1,3,1,2,1,50,3,2,2,3,1,708,1
1,7653,1,24,2,3,2384,1,5,4,0,3,1,4,1,64,1,1,1,2,1,587,1
1,7685,4,4,2,2,601,1,2,1,1,2,1,3,1,23,3,1,1,2,2,708,1
1,7717,4,39,2,1,2569,3,3,4,1,3,1,4,3,24,3,2,1,3,1,708,1
1,7749,4,15,4,3,1316,3,3,2,1,4,1,2,2,47,3,2,2,2,1,416,1
1,7781,4,60,2,0,10366,1,5,2,1,3,1,4,2,42,3,2,1,4,1,587,1
1,7813,4,18,2,9,1568,2,3,3,1,2,1,4,2,24,3,1,1,2,1,514,1
1,7845,4,18,4,3,629,3,5,4,1,3,1,3,2,32,1,2,2,4,1,708,1
1,7877,4,6,1,3,1750,3,5,2,1,3,1,4,2,45,1,2,1,2,2,587,1
1,7909,4,24,2,1,3488,2,4,3,1,2,1,4,3,23,3,2,1,3,1,587,1
1,7941,4,18,4,3,1800,1,3,4,1,3,1,2,3,24,3,2,2,3,1,514,1
1,7973,4,24,3,2,4151,2,3,2,1,3,1,3,2,35,3,2,2,3,1,514,1
1,8005,2,15,2,5,2631,2,3,3,0,2,1,2,1,25,3,2,1,2,1,587,1
1,8037,4,21,2,1,5248,5,3,1,1,3,1,3,3,26,3,2,1,3,1,514,1
1,8069,2,18,3,0,2899,5,5,4,0,3,1,4,3,43,3,2,1,3,2,416,1
1,8101,2,18,3,5,6204,1,3,2,0,3,1,4,1,44,3,2,1,2,2,416,1
1,8133,4,12,2,3,804,1,5,4,1,3,1,4,3,38,3,2,1,3,1,708,1
1,8165,4,36,2,3,3595,1,5,4,1,3,1,2,3,28,3,2,1,3,1,514,1
1,8197,4,36,4,1,5711,4,5,4,1,3,1,2,3,38,3,2,2,4,1,587,1
1,8229,3,15,2,9,2687,1,4,2,1,3,1,4,2,26,3,1,1,3,1,416,1
1,8261,1,15,3,2,3643,1,5,1,0,2,1,4,2,27,3,2,2,2,1,416,1
1,8293,4,10,4,2,2146,1,2,1,1,2,1,3,1,23,3,1,2,3,1,416,1
1,8325,1,10,2,3,2315,1,5,3,0,3,1,4,1,52,3,2,1,2,1,514,1
1,8357,4,5,2,9,3448,1,4,1,1,3,1,4,1,74,3,2,1,2,1,416,1
1,8389,4,15,2,2,2708,1,2,2,1,3,1,3,2,27,1,2,2,2,1,587,1
1,8421,4,11,4,0,1393,1,2,4,1,2,1,4,3,35,3,2,2,4,1,514,1
1,8453,3,10,2,2,1275,1,2,4,1,2,1,2,2,23,3,2,1,3,1,416,1
1,8485,4,9,2,2,1313,1,5,1,1,3,1,4,3,20,3,2,1,3,1,416,1
1,8517,4,12,2,3,1493,1,2,4,1,2,1,3,3,34,3,2,1,3,2,416,1
1,8549,4,22,2,3,2675,3,5,3,1,3,1,4,3,40,3,2,1,3,1,587,1
1,8581,2,9,2,3,2118,1,3,2,0,3,1,2,1,37,3,2,1,2,2,416,1
1,8613,4,36,2,0,909,3,5,4,1,3,1,4,2,36,3,2,1,3,1,587,1
1,8645,4,12,4,2,1258,1,2,2,1,2,1,4,2,22,3,1,2,2,1,587,1
1,8677,4,15,1,3,1569,2,5,4,1,3,1,4,3,34,1,2,1,2,2,708,1
1,8709,4,6,2,1,1236,3,3,2,1,3,1,4,2,50,3,1,1,3,1,587,1
1,8741,4,36,3,2,7678,3,4,2,1,2,1,4,3,40,3,2,2,3,1,587,1
1,8773,4,6,2,5,660,3,4,2,1,4,1,4,1,23,3,1,1,2,1,587,1
1,8805,4,24,2,2,2835,3,5,3,1,3,1,4,2,53,3,2,1,3,1,416,1
1,8837,4,24,2,1,2670,1,5,4,1,3,1,4,3,35,3,2,1,4,1,708,1
1,8869,4,12,1,8,3447,3,3,4,1,2,1,3,1,35,3,2,1,2,2,587,1
1,8901,4,15,2,3,3568,1,5,4,1,2,1,2,3,54,1,1,1,4,1,416,1
1,8933,2,21,4,9,3652,1,4,2,0,3,1,3,2,27,3,2,2,3,1,708,1
1,8965,1,24,2,3,3660,1,3,2,0,2,1,4,3,28,3,2,1,3,1,708,1
1,8997,3,9,2,3,1126,2,5,2,1,1,1,4,1,49,3,2,1,3,1,587,1
1,9029,3,6,3,3,683,1,2,2,1,2,1,1,2,29,1,2,1,3,1,587,1
1,9061,3,12,2,2,2251,1,3,1,1,2,1,2,3,46,3,2,1,2,1,708,1
1,9093,4,12,2,1,4675,5,2,1,1,2,1,4,3,20,3,1,1,3,1,587,1
1,9125,2,21,3,0,2353,1,3,1,0,1,1,4,2,47,3,2,2,3,1,708,1
1,9157,1,21,2,3,3357,4,2,4,0,2,1,2,3,29,1,2,1,3,1,708,1
1,9189,4,6,2,0,672,1,1,1,1,2,1,4,1,54,3,2,1,1,1,416,1
1,9221,1,6,4,3,338,3,5,4,0,3,1,4,3,52,3,2,2,3,1,587,1
1,9253,4,9,2,3,2697,1,3,1,1,3,1,2,1,32,3,2,1,3,2,514,1
1,9285,4,9,2,0,2507,3,5,2,1,3,1,4,4,51,3,3,1,2,1,587,1
1,9317,4,15,3,3,1478,1,3,4,1,4,1,3,1,33,1,2,2,3,1,416,1
1,9349,4,12,4,6,3565,5,2,2,1,3,1,1,2,37,3,2,2,2,2,514,1
1,9381,4,15,2,2,2221,3,3,2,1,2,1,4,3,20,3,1,1,3,1,587,1
1,9413,4,6,4,3,1898,5,3,1,1,3,1,2,1,34,3,2,2,2,2,416,1
1,9445,2,6,3,9,1449,2,5,1,0,1,1,2,3,31,1,2,2,3,2,416,1
1,9477,4,15,3,2,960,4,4,3,1,2,1,2,2,30,3,2,2,3,1,708,1
1,9509,4,36,2,1,8133,1,3,1,1,2,1,2,2,30,1,2,1,3,1,587,1
1,9541,4,9,2,2,2301,2,2,2,1,2,1,4,2,22,3,1,1,3,1,416,1
1,9573,4,6,3,9,1743,2,3,1,1,3,1,2,1,34,3,2,2,2,1,587,1
1,9605,2,12,2,2,983,4,2,1,0,2,1,4,1,19,3,1,1,2,1,416,1
1,9637,4,18,3,3,2320,1,1,2,1,4,1,3,1,34,3,2,2,3,1,587,1
1,9669,1,12,1,8,339,1,5,4,0,4,1,1,3,45,1,2,1,2,1,587,1
1,9701,3,24,2,3,5152,1,4,4,1,3,1,2,3,25,1,2,1,3,1,416,1
1,9733,3,24,2,2,3749,1,2,2,1,2,1,4,3,26,3,2,1,3,1,708,1
1,9765,4,9,4,3,3074,5,3,1,1,3,1,2,1,33,3,2,2,3,2,708,1
1,9829,4,24,2,0,1469,2,5,4,1,4,1,4,1,41,3,1,1,2,1,514,1
1,9861,1,6,2,2,1374,1,3,1,0,3,1,2,1,36,1,2,1,2,1,587,1
1,9893,4,6,1,0,783,5,3,1,1,3,3,2,1,26,2,2,1,2,2,587,1
1,9925,1,21,2,3,2606,1,2,4,0,2,1,4,2,28,3,1,1,4,1,416,1
1,9957,4,54,0,1,9436,5,3,2,1,3,1,2,2,39,3,2,1,2,2,514,1
1,9989,4,12,4,3,930,5,5,4,1,3,1,4,1,65,3,2,4,3,1,708,1
1,10021,4,48,4,1,2751,5,5,4,1,3,1,3,3,38,3,2,2,3,2,708,1
1,10053,4,6,4,0,250,4,3,2,1,2,1,2,1,41,1,2,2,2,1,514,1
1,10085,2,24,2,0,1201,1,2,4,0,3,1,1,2,26,3,2,1,3,1,587,1
1,10117,1,6,2,0,662,1,2,3,0,3,1,4,1,41,3,2,1,2,2,416,1
1,10149,4,15,2,1,1300,5,5,4,1,3,1,4,4,45,1,3,1,3,2,708,1
1,10181,4,24,1,9,1559,1,4,4,1,3,1,4,3,40,1,2,1,3,1,708,1
1,10213,3,12,2,3,3016,1,3,3,1,4,1,1,3,24,3,2,1,3,1,587,1
1,10245,4,15,4,3,1360,1,3,4,1,3,1,2,2,31,3,2,2,3,1,708,1
1,10277,4,6,0,0,1204,2,3,4,1,3,1,1,4,35,1,1,1,3,1,514,2
1,10309,4,10,2,0,1597,3,3,3,1,3,1,2,4,40,3,1,1,2,2,708,2
1,10341,4,12,2,3,2073,2,3,4,1,2,2,2,1,28,3,2,1,3,1,587,1
1,10373,4,11,2,9,2142,4,5,1,1,1,1,2,1,28,3,2,1,3,1,587,1
1,10405,1,10,4,2,2132,5,2,2,0,2,2,3,1,27,3,1,2,3,1,587,2
1,10437,4,10,2,0,1546,1,3,3,1,3,1,2,1,31,3,2,1,2,2,514,2
1,10469,4,24,4,0,1287,4,5,4,1,2,1,4,1,37,3,2,2,3,1,708,1
1,10501,4,10,2,0,1418,2,3,3,1,3,1,2,1,35,3,1,1,2,1,587,2
1,10533,3,6,4,0,1343,1,5,1,1,3,1,4,1,46,3,2,2,3,2,708,2
1,10565,4,18,2,0,2662,5,4,4,1,3,1,3,2,32,3,2,1,3,1,416,2
1,10597,4,18,4,3,6070,1,5,3,1,3,1,4,3,33,3,2,2,3,1,587,1
1,10629,4,24,4,6,1927,5,3,3,1,2,1,2,3,33,3,2,2,3,1,514,1
1,10661,4,18,4,3,2404,1,3,2,1,2,1,2,3,26,3,2,2,3,1,708,1
1,10693,4,6,4,3,1554,1,4,1,1,2,1,2,3,24,3,1,2,3,1,708,1
1,10725,4,22,2,0,1283,5,4,4,1,2,1,4,2,25,3,1,1,3,1,514,1
1,10757,4,24,3,0,717,5,5,4,1,4,1,4,3,54,3,2,2,3,1,708,1
1,10789,1,24,2,2,1747,1,2,4,0,3,2,1,2,24,3,2,1,2,1,416,2
1,10821,1,9,4,5,1288,2,5,3,0,3,3,4,1,48,3,2,2,3,2,708,2
1,10853,1,10,4,0,1038,1,4,4,0,3,2,3,2,49,3,2,2,3,1,708,1
1,10885,4,10,2,1,2848,2,3,1,1,3,2,2,1,32,3,2,1,3,2,708,1
1,10917,4,12,2,1,1413,4,4,3,1,3,1,2,2,55,3,2,1,3,1,587,2
1,10949,4,30,4,3,3077,5,5,3,1,3,1,2,3,40,3,2,2,3,2,416,1
1,10981,1,24,1,1,3632,1,3,1,0,2,3,4,3,22,1,1,1,3,1,514,2
1,11013,4,18,4,1,3229,5,1,2,1,3,1,4,4,38,3,2,1,4,1,514,1
1,11045,4,9,2,0,3577,2,3,1,1,3,3,2,1,26,3,1,1,3,2,514,2
1,11077,4,12,4,0,682,2,4,4,1,2,1,3,3,51,3,2,2,3,1,514,1
1,11109,4,10,2,3,1924,1,3,1,1,3,1,4,2,38,3,2,1,3,1,708,2
1,11141,4,10,2,6,727,3,5,4,1,3,1,4,4,46,3,3,1,3,1,708,1
1,11173,3,10,4,0,781,1,5,4,1,3,1,4,4,63,3,3,2,3,1,587,1
1,11205,1,12,4,0,2121,1,3,4,0,3,1,2,2,30,3,2,2,3,1,708,1
1,11237,4,12,4,6,701,1,3,4,1,3,1,2,3,32,3,2,2,3,1,514,1
1,11269,4,10,4,2,2069,5,3,2,1,4,1,1,3,26,3,2,2,3,1,708,2
1,11301,4,24,2,0,1525,4,4,4,1,2,1,3,3,34,3,2,1,3,2,587,1
1,11333,4,48,4,9,7629,5,5,4,1,1,1,2,3,46,1,2,2,4,2,587,1
1,11397,4,6,2,3,1346,2,5,2,1,3,1,4,4,42,1,3,1,3,2,514,1
1,11429,4,36,4,1,10477,5,5,2,1,3,1,4,4,42,3,3,2,3,1,416,1
1,11461,1,24,2,1,2924,1,3,3,0,3,3,4,4,63,1,2,1,3,2,708,1
1,11493,4,10,4,0,1231,1,5,3,1,3,1,4,1,32,3,2,2,2,2,587,2
1,11525,3,18,2,0,1961,1,5,3,1,2,1,2,3,23,3,2,1,4,1,416,1
1,11557,4,15,4,0,5045,5,5,1,1,2,1,4,3,59,3,2,1,3,1,708,1
1,11589,4,12,4,0,1255,1,5,4,1,3,1,4,1,61,3,2,2,2,1,587,1
1,11621,1,12,2,2,1858,1,2,4,0,2,1,1,3,22,3,1,1,3,1,708,1
1,11653,4,6,4,2,1221,5,3,1,1,4,1,2,2,27,3,2,2,3,1,587,1
1,11685,4,9,2,2,1388,1,3,4,1,2,1,2,1,26,3,1,1,3,1,416,1
1,11717,4,12,2,3,2279,5,3,4,1,3,1,4,4,37,3,3,1,3,1,514,1
1,11749,4,12,0,2,2759,1,5,2,1,3,1,4,2,34,3,2,2,3,1,416,1
1,11781,3,24,2,3,1258,3,3,3,1,2,1,3,3,57,3,2,1,2,1,416,1
1,11813,2,12,0,8,1410,1,3,2,0,3,1,2,1,31,3,2,1,2,1,587,1
1,11845,1,15,2,0,1403,1,3,2,0,2,1,4,3,28,3,1,1,3,1,514,1
1,11877,1,24,2,2,3021,1,3,2,0,1,1,2,1,24,3,1,1,2,1,708,1
1,11909,1,24,2,9,6568,1,3,2,0,4,1,2,3,21,2,2,1,2,1,514,1
1,11941,4,24,4,3,2578,4,5,2,1,3,1,2,3,34,3,2,1,3,1,587,1
1,11973,2,24,4,1,7758,4,5,2,0,2,1,4,4,29,3,1,1,3,1,416,1
1,12005,1,6,2,4,343,1,2,4,0,2,1,1,1,27,3,2,1,3,1,514,1
1,12037,4,21,3,2,1591,2,4,4,1,3,1,3,1,34,3,2,2,4,1,587,1
1,12069,1,27,2,3,3416,1,3,3,0,3,1,2,3,27,3,2,1,4,1,587,1
1,12133,2,27,3,1,5965,1,5,1,0,3,1,2,3,30,3,2,2,4,1,416,1
1,12165,2,15,2,5,1514,2,3,4,0,3,3,2,1,22,3,2,1,3,1,708,1
1,12197,4,30,4,3,6742,5,4,2,1,3,1,3,2,36,3,2,2,3,1,708,1
1,12229,1,18,2,2,3650,1,2,1,0,2,1,4,3,22,3,1,1,3,1,416,1
1,12261,1,21,2,2,3599,1,4,1,0,2,1,4,3,26,3,1,1,2,1,708,1
1,12293,4,60,4,0,13756,5,5,2,1,3,1,4,4,63,1,3,1,4,1,416,1
1,12325,2,9,2,0,276,1,3,4,0,4,1,4,1,22,3,1,1,2,1,514,1
1,12357,4,42,4,2,4041,3,3,4,1,3,1,4,1,36,3,2,2,3,1,514,1
1,12389,2,9,2,3,458,1,3,4,0,3,1,3,1,24,3,2,1,3,1,587,1
1,12453,4,24,2,0,7393,1,3,1,1,3,1,4,2,43,3,2,1,2,2,587,1
1,12485,3,10,2,4,1225,1,3,2,1,3,1,2,3,37,3,2,1,3,1,587,1
1,12517,1,24,2,1,2812,5,5,2,0,2,1,4,1,26,3,1,1,3,1,416,1
1,12549,4,15,2,1,3029,1,4,2,1,3,1,2,3,33,3,2,1,3,1,708,1
1,12581,3,12,4,0,1480,3,1,2,1,3,1,4,4,66,1,3,3,1,1,514,1
1,12613,3,6,4,6,1047,1,3,2,1,2,1,4,2,50,3,2,1,2,1,587,1
1,12645,4,15,4,3,1471,1,3,4,1,3,1,4,4,35,3,3,2,3,1,708,1
1,12677,4,24,2,2,5511,2,3,4,1,3,1,1,3,25,2,2,1,3,1,708,1
1,12709,2,9,2,3,1206,1,5,4,0,2,1,4,1,25,3,2,1,3,1,514,1
1,12741,2,24,3,3,6403,1,2,1,0,3,1,2,3,33,3,2,1,3,1,708,1
1,12773,4,12,2,3,707,1,3,4,1,3,1,2,1,30,1,2,2,3,1,587,1
1,12805,4,12,3,1,1503,1,3,4,1,4,1,4,1,41,3,1,1,3,1,514,1
1,12837,2,12,2,0,6078,1,4,2,0,3,1,2,3,32,3,2,1,3,1,514,1
1,12869,2,27,2,9,2528,1,2,4,0,2,1,1,2,32,3,2,1,3,2,514,1
1,12901,2,12,2,9,1037,2,4,3,0,3,1,4,1,39,3,2,1,2,1,416,1
1,12933,1,6,2,1,1352,3,1,1,0,2,1,2,2,23,3,1,1,1,1,708,1
1,12965,4,24,2,3,3181,1,2,4,1,2,1,4,2,26,3,2,1,3,1,587,1
1,12997,4,18,2,3,4594,1,2,3,1,3,1,2,3,32,3,2,1,3,1,587,1
1,13029,2,48,2,10,5381,5,1,3,0,3,1,4,4,40,1,3,1,1,1,514,1
1,13061,4,15,2,1,4657,1,3,3,1,3,1,2,3,30,3,2,1,3,1,708,1
1,13093,2,9,2,9,1391,1,3,2,0,4,1,1,1,27,1,2,1,3,1,514,1
1,13125,2,18,2,9,1913,4,2,3,0,4,1,3,1,36,1,2,1,3,1,708,1
1,13157,4,42,2,3,7166,5,4,2,1,4,1,4,2,29,3,1,1,3,1,708,1
1,13189,4,13,2,3,1409,2,1,2,1,2,1,4,1,64,3,2,1,3,1,514,1
1,13221,4,24,3,9,2978,5,3,4,1,3,1,4,1,32,3,2,2,3,2,416,1
1,13253,4,12,4,3,976,5,5,4,1,3,1,4,3,35,3,2,2,3,1,708,1
1,13285,4,24,3,9,2375,3,3,4,1,3,1,2,3,44,3,2,2,3,2,708,1
1,13317,4,12,4,3,522,3,5,4,1,3,1,4,2,42,3,2,2,3,2,708,1
1,13349,4,28,4,3,2743,1,5,4,1,3,1,2,3,29,3,2,2,3,1,587,1
1,13381,4,11,4,3,1154,2,1,4,1,2,1,4,1,57,3,2,3,2,1,587,1
1,13413,4,24,4,1,5804,4,3,4,1,3,1,2,1,27,3,2,2,3,1,708,1
1,13445,4,18,4,3,1169,5,3,4,1,3,1,3,2,29,3,2,2,3,1,587,1
1,13477,1,15,4,2,1478,1,5,4,0,3,1,4,3,44,3,2,2,3,2,514,1
1,13509,4,12,2,3,776,1,3,4,1,4,1,2,1,28,3,2,1,3,1,514,1
1,13541,2,11,4,0,1322,4,3,4,0,2,1,4,3,40,3,2,2,3,1,514,1
1,13573,2,16,4,0,1175,1,1,2,0,3,1,3,3,68,3,3,3,1,1,708,1
1,13605,4,12,2,0,2133,5,5,4,1,2,1,4,4,52,3,3,1,4,1,416,1
1,13637,4,15,4,3,1829,1,5,4,1,3,1,4,3,46,3,2,2,3,1,708,1
1,13669,4,12,4,3,717,1,5,4,1,3,1,4,1,52,3,2,3,3,1,587,1
1,13701,2,39,3,6,11760,2,4,2,0,3,1,3,4,32,3,1,1,3,1,708,1
1,13765,1,12,2,6,1200,5,3,4,0,2,1,4,2,23,1,1,1,3,1,587,1
1,13797,2,9,2,0,3195,5,3,1,0,2,1,2,1,33,3,2,1,2,1,416,1
1,13829,4,30,4,3,4530,1,4,4,1,2,1,4,3,26,3,1,1,4,1,587,1
1,13893,2,15,4,9,2326,3,3,2,0,3,1,4,3,27,1,2,1,3,1,708,1
1,13925,2,18,4,9,1887,5,3,4,0,4,1,4,1,28,1,2,2,3,1,416,1
1,13957,4,12,4,9,1264,5,5,4,1,3,1,4,4,57,3,1,1,2,1,416,1
1,13989,4,7,3,3,846,5,5,3,1,3,1,4,4,36,3,3,1,3,1,708,1
1,14021,4,15,4,6,1532,2,3,4,1,2,1,3,3,31,3,2,1,3,1,587,1
1,14053,4,6,3,3,935,1,3,3,1,2,1,2,1,24,3,2,1,3,1,514,1
1,14085,1,27,4,9,2442,1,5,4,0,3,1,4,3,43,2,2,4,4,2,708,1
1,14117,2,18,4,9,3590,1,1,3,0,4,1,3,3,40,3,2,3,1,2,416,1
1,14149,4,21,4,2,2288,1,2,4,1,2,1,4,2,23,3,2,1,3,1,708,1
1,14181,4,27,3,9,5117,1,4,3,1,3,1,4,3,26,3,2,2,3,1,416,1
1,14213,1,39,4,2,14179,5,4,4,0,3,1,4,2,30,3,2,2,4,1,587,1
1,14245,4,15,2,3,1386,5,3,4,1,4,1,2,1,40,3,1,1,3,1,416,1
1,14277,4,12,4,3,618,1,5,4,1,3,1,4,1,56,3,2,1,3,1,416,1
1,14309,4,12,2,2,1574,1,3,4,1,3,1,2,1,50,3,2,1,3,1,708,1
1,14341,4,6,4,3,700,5,5,4,1,3,1,4,4,36,3,3,2,3,1,514,1
1,14373,4,12,2,3,886,5,3,4,1,2,1,2,3,21,3,2,1,3,1,587,1
1,14405,4,36,2,1,4686,1,3,2,1,3,1,2,4,32,3,3,1,4,1,416,1
1,14437,2,9,2,3,790,3,3,4,0,2,1,3,1,66,3,2,1,2,1,416,1
1,14501,1,20,2,2,2212,5,4,4,0,3,1,4,3,39,3,2,1,3,1,587,1
1,14533,2,10,2,0,7308,1,1,2,0,3,1,4,4,70,1,3,1,4,1,416,1
1,14565,2,24,4,6,5743,1,2,2,0,2,1,4,4,24,3,3,2,3,1,708,1
1,14597,1,14,2,0,3973,1,1,1,0,3,1,4,4,22,3,3,1,3,1,514,1
1,14629,2,60,3,3,7418,5,3,1,0,3,1,1,1,27,3,2,1,2,1,708,1
1,14661,2,20,3,10,2629,1,3,2,0,3,1,3,3,29,1,2,2,3,1,416,1
1,14693,2,18,2,9,1941,4,3,4,0,3,1,2,2,35,3,2,1,2,1,514,1
1,14725,2,24,3,2,2333,5,2,4,0,3,1,2,2,29,1,2,1,2,1,514,1
1,14757,4,12,2,1,2445,5,2,2,1,4,1,4,3,26,3,1,1,3,1,708,1
1,14789,2,20,2,1,6468,5,1,1,0,1,1,4,1,60,3,2,1,4,1,708,1
1,14821,2,18,4,2,7374,1,1,4,0,3,1,4,2,40,2,2,2,4,1,416,1
1,14853,4,15,2,1,3812,2,2,1,1,2,1,4,3,23,3,2,1,3,1,514,1
1,14917,2,12,2,0,7472,5,1,1,0,2,1,2,1,24,3,1,1,1,1,708,1
1,14949,3,12,2,2,1424,5,5,3,1,2,1,4,1,55,3,2,1,4,1,587,1
1,14981,2,12,2,1,2028,5,3,4,0,3,1,2,3,30,3,2,1,3,1,514,1
1,15013,4,15,2,0,5324,3,5,1,1,2,1,4,4,35,3,3,1,3,1,708,1
1,15045,2,36,2,3,2323,1,4,4,0,3,1,4,3,24,3,1,1,3,1,514,1
1,15077,4,12,2,6,1393,1,5,4,1,3,1,4,2,47,1,2,3,3,2,416,1
1,15109,4,18,2,2,1984,1,3,4,1,3,1,4,4,47,1,3,2,3,1,587,1
1,15141,4,24,2,3,999,5,5,4,1,3,1,2,3,25,3,2,2,3,1,708,1
1,15173,4,36,2,9,7409,5,5,3,1,3,1,2,2,37,3,2,2,3,1,514,1
1,15205,4,15,2,2,2186,5,4,1,1,2,1,4,1,33,1,1,1,2,1,708,1
1,15237,3,36,2,3,4473,1,5,4,1,3,1,2,3,31,3,2,1,3,1,708,1
1,15269,4,24,2,8,937,1,2,4,1,4,1,3,3,27,3,2,2,2,1,514,1
1,15301,4,18,2,2,3422,1,5,4,1,3,1,4,2,47,1,2,3,3,2,416,1
1,15333,4,24,2,3,3105,5,2,4,1,3,1,2,3,25,3,2,2,3,1,587,1
1,15365,4,12,4,6,2748,1,5,2,1,2,1,4,4,57,1,3,3,2,1,708,1
1,15397,2,18,2,5,3872,1,1,2,0,2,1,4,3,67,3,2,1,3,1,587,1
1,15429,4,27,2,5,5190,5,5,4,1,3,1,4,2,48,3,2,4,3,2,514,1
1,15461,2,18,2,2,3001,1,4,2,0,2,1,4,1,40,3,1,1,3,1,587,1
1,15493,4,24,3,9,3863,1,3,1,1,3,1,2,4,32,3,3,1,3,1,416,1
1,15525,4,12,4,2,5801,5,5,2,1,3,1,4,2,49,3,1,1,3,1,416,2
1,15557,4,12,4,2,1592,4,4,3,1,2,1,2,2,35,3,2,1,3,1,587,1
1,15589,4,12,4,9,1185,1,3,3,1,2,1,2,1,27,3,2,2,3,1,708,1
1,15621,4,18,4,2,3780,1,2,3,1,1,1,2,3,35,3,2,2,4,1,587,1
1,15653,2,18,4,2,3612,1,5,3,0,2,1,4,2,37,3,2,1,3,1,416,2
1,15685,4,12,2,9,1076,1,3,2,1,4,1,2,1,26,3,2,1,3,1,416,1
1,15717,4,12,2,0,3527,5,2,2,1,3,1,3,2,45,3,2,1,4,2,587,1
1,15749,4,18,2,3,2051,1,2,4,1,3,1,1,1,33,3,2,1,3,1,708,1
1,15781,4,12,4,2,3331,1,5,2,1,3,1,4,2,42,2,2,1,3,1,708,1
1,15813,1,18,0,9,3104,1,4,3,0,3,1,1,2,31,1,2,1,3,1,514,1
1,15845,4,24,4,3,2611,1,5,4,1,4,2,3,1,46,3,2,2,3,1,587,1
1,15877,1,12,4,1,1409,1,5,4,0,3,1,3,1,54,3,2,1,3,1,708,1
1,15909,4,24,2,3,1311,2,4,4,1,4,1,3,2,26,3,2,1,3,1,514,1
1,15941,4,6,2,3,2108,1,4,2,1,4,1,2,1,29,3,1,1,3,1,587,1
1,15973,4,24,4,1,4042,5,4,3,1,3,1,4,2,43,3,2,2,3,1,514,1
1,16005,4,12,4,0,926,1,1,1,1,2,1,2,2,38,3,2,1,1,1,587,1
1,16037,1,12,2,3,1680,3,5,3,0,4,1,1,1,35,3,2,1,3,1,514,1
1,16069,4,24,2,0,1249,1,2,4,1,4,1,2,1,28,3,2,1,3,1,587,1
1,16101,4,24,4,0,2463,2,4,4,1,4,1,3,2,27,3,2,2,3,1,514,1
1,16133,4,6,2,3,1595,1,4,3,1,3,1,2,2,51,3,2,1,3,2,514,1
1,16165,4,24,4,5,2058,1,3,4,1,1,1,2,1,33,3,2,2,3,1,708,1
1,16197,4,24,2,1,7814,1,4,3,1,3,1,3,3,38,3,2,1,4,1,416,1
1,16229,4,6,4,3,1740,1,5,2,1,4,1,2,1,30,3,1,2,3,1,514,1
1,16261,4,12,4,3,1240,5,5,4,1,2,1,2,1,38,3,2,2,3,1,416,1
1,16293,4,24,4,1,6842,5,3,2,1,3,1,4,2,46,3,2,2,4,2,514,1
1,16325,4,24,4,2,5150,1,5,4,1,3,1,4,3,33,3,2,1,3,1,514,1
1,16357,1,6,2,0,1203,2,5,3,0,3,1,2,2,43,3,2,1,3,1,514,1
1,16389,4,6,4,0,2080,3,3,1,1,4,1,2,3,24,3,2,1,3,1,708,1
1,16421,4,6,2,6,1538,1,2,1,1,2,1,2,4,56,3,2,1,3,1,514,1
1,16453,2,24,4,0,3878,2,2,4,0,1,1,2,3,37,3,2,1,3,1,587,1
1,16485,2,30,2,2,3832,1,2,2,0,4,1,1,2,22,3,2,1,3,1,587,1
1,16517,4,15,2,0,3186,4,4,2,1,2,1,3,3,20,3,1,1,3,1,587,1
1,16549,2,24,2,3,2896,2,2,2,0,3,1,1,3,29,3,2,1,3,1,708,1
1,16581,2,24,3,9,6967,2,4,4,0,3,1,4,3,36,3,1,1,4,1,416,1
1,16773,4,6,2,3,518,1,3,3,1,2,1,1,1,29,3,2,1,3,1,416,1
1,16805,4,18,2,3,1126,5,2,4,1,2,1,2,1,21,3,1,1,3,1,708,1
1,16837,2,12,4,1,1860,1,1,4,0,3,1,2,3,34,3,2,2,4,1,587,1
1,16869,4,36,4,3,9566,1,3,2,1,2,1,2,3,31,2,2,2,3,1,708,1
1,16901,1,12,2,3,701,1,3,4,0,4,1,2,1,40,3,2,1,2,1,708,1
1,16933,2,12,2,3,2930,1,4,2,0,2,1,1,1,27,3,2,1,3,1,514,1
1,16965,4,18,2,3,1505,1,3,4,1,3,1,2,4,32,3,3,1,4,1,416,1
1,16997,4,18,4,3,2238,1,3,2,1,2,1,1,3,25,3,2,2,3,1,587,1
1,17029,4,4,4,3,1503,1,4,2,1,3,1,1,1,42,3,2,2,2,2,514,1
1,17061,4,24,4,1,2197,5,4,4,1,3,1,4,3,43,3,2,2,3,2,416,1
1,17093,3,12,2,3,1881,1,3,2,1,2,1,2,3,44,3,1,1,2,1,587,1
1,17125,1,18,4,3,1880,1,4,4,0,4,1,1,2,32,3,2,2,4,1,708,1
1,17157,1,18,2,3,2389,1,2,4,0,2,1,1,3,27,2,2,1,3,1,514,1
1,17189,2,24,2,3,1967,1,5,4,0,2,1,4,3,20,3,2,1,3,1,587,1
1,17221,4,4,4,0,3380,1,4,1,1,2,1,1,1,37,3,2,1,3,2,416,1
1,17253,4,4,4,0,1455,1,4,2,1,3,1,1,1,42,3,2,3,2,2,416,1
1,17285,4,7,4,3,730,5,5,4,1,3,1,2,2,46,3,1,2,2,1,708,1
1,17317,2,18,0,2,3244,1,3,1,0,2,1,4,3,33,1,2,2,3,1,708,1
1,17381,2,48,2,3,3979,5,4,4,0,3,1,1,3,41,3,2,2,3,2,416,1
1,17445,2,18,4,2,1295,1,2,4,0,2,1,1,2,27,3,2,2,3,1,416,1
1,17477,4,4,4,3,1544,1,4,2,1,3,1,1,1,42,3,2,3,2,2,708,1
1,17509,2,8,2,9,907,1,2,3,0,4,1,2,1,26,3,2,1,3,1,514,1
1,17541,2,30,2,3,1715,5,3,4,0,2,1,1,3,26,3,2,1,3,1,514,1
1,17573,3,10,4,3,1347,5,4,4,1,3,1,2,2,27,3,2,2,3,1,416,1
1,17605,2,12,2,0,1007,4,3,4,0,4,1,1,1,22,3,2,1,3,1,708,1
1,17637,4,12,4,2,1402,3,4,3,1,2,1,4,3,37,3,1,1,3,1,416,1
1,17669,2,12,2,0,2002,1,4,3,0,3,1,4,2,30,3,1,1,3,2,708,1
1,17701,4,12,4,6,2096,1,4,2,1,3,1,3,1,49,3,2,1,2,2,416,1
1,17733,4,12,2,0,1101,1,3,3,1,4,1,2,1,27,3,2,2,3,1,416,1
1,17765,4,10,2,8,894,5,4,4,1,2,1,3,2,40,3,2,1,3,1,587,1
1,17797,2,11,2,2,1577,4,2,4,0,2,1,1,1,20,3,2,1,3,1,708,1
1,17829,4,33,3,9,2764,1,3,2,1,2,1,2,3,26,3,2,2,3,1,416,1
1,17861,2,48,0,0,8358,3,2,1,0,2,1,1,3,30,3,2,2,3,1,416,1
1,17893,3,12,2,2,1474,1,2,4,1,2,1,1,2,33,1,2,1,4,1,514,1
1,17925,4,24,2,1,5433,5,1,2,1,2,1,4,2,26,3,1,1,4,1,587,1
1,17957,2,14,2,9,1410,3,5,1,0,4,1,2,1,35,3,2,1,3,1,587,1
1,17989,4,20,4,0,3485,5,2,2,1,1,1,4,1,44,3,2,2,3,1,708,1
1,18021,4,18,4,1,3850,1,4,3,1,3,1,1,3,27,3,2,2,3,1,708,1
1,18085,3,24,2,3,1377,2,5,4,1,2,1,2,4,47,3,3,1,3,1,514,1
1,18117,4,30,3,9,4272,2,3,2,1,3,1,2,2,26,3,2,2,2,1,416,1
1,18149,2,24,3,3,1553,2,4,3,0,2,1,2,2,23,3,1,2,3,1,587,1
1,18181,2,36,3,9,9857,2,4,1,0,3,1,3,2,31,3,2,2,2,2,587,1
1,18213,4,6,4,0,362,2,3,4,1,2,1,4,3,52,3,2,2,2,1,587,1
1,18245,4,12,4,2,1935,1,5,4,1,3,1,4,1,43,3,2,3,3,1,514,1
1,18277,4,48,2,3,10222,5,4,4,1,3,1,3,3,37,2,2,1,3,1,708,1
1,18309,3,12,2,0,1330,1,2,4,1,3,1,1,1,26,3,2,1,3,1,587,1
1,18341,4,36,2,6,9055,5,3,2,1,3,1,4,4,35,3,3,1,2,2,514,1
1,18373,2,26,2,1,7966,1,2,2,0,3,1,3,3,30,3,2,2,3,1,587,1
1,18405,2,30,1,2,3496,4,3,4,0,3,1,2,3,34,2,2,1,3,2,587,1
1,18437,2,36,2,1,6948,1,3,2,0,3,1,2,3,35,3,1,1,4,1,587,1
1,18469,2,48,0,9,12204,5,3,2,0,3,1,2,3,48,1,2,1,4,1,416,1
1,18789,1,24,2,1,2910,1,4,2,0,3,1,1,4,34,3,3,1,4,1,416,1
1,18821,1,18,4,0,5302,1,5,2,0,3,1,4,4,36,3,3,3,4,1,514,1
1,18853,1,36,2,2,3620,1,3,1,0,3,3,2,2,37,3,2,1,3,2,708,1
1,18885,1,18,2,3,3509,1,4,4,0,2,3,1,1,25,3,2,1,3,1,416,1
1,18917,2,12,2,2,3017,1,2,3,0,2,1,1,1,34,3,1,1,4,1,514,1
1,18949,1,12,2,2,1657,1,3,2,0,3,1,2,1,27,3,2,1,3,1,416,1
1,18981,1,8,4,10,1164,1,5,3,0,3,1,4,4,51,1,3,2,4,2,514,1
1,19077,1,30,0,2,4583,1,3,2,0,1,3,2,1,32,3,2,2,3,1,587,1
1,19109,1,36,4,2,5371,1,3,3,0,3,3,2,2,28,3,2,2,3,1,416,1
1,19141,1,12,2,2,708,1,3,2,0,3,3,3,2,38,3,2,1,2,2,514,1
1,19173,1,21,4,0,571,1,5,4,0,3,1,4,1,65,3,2,2,3,1,587,1
1,19205,1,30,2,3,2522,1,5,1,0,3,3,3,2,39,3,2,1,3,2,708,1
1,19301,4,24,4,2,2028,1,4,2,1,3,1,2,2,30,3,2,2,2,1,708,1
1,19333,1,6,2,0,1374,5,1,4,0,2,1,3,2,75,3,2,1,4,1,708,1
1,19365,1,12,2,2,1289,1,3,4,0,3,3,1,2,21,3,2,1,2,1,416,1
1,19429,1,15,4,2,975,1,3,2,0,1,1,3,2,25,3,2,2,3,1,416,1
1,19461,2,6,3,2,1050,1,1,4,0,3,1,1,2,35,2,2,2,4,1,416,2
1,19493,1,6,4,0,609,1,4,4,0,2,1,3,2,37,3,2,2,3,1,416,1
1,19525,1,48,2,1,4788,1,4,4,0,3,1,3,2,26,3,2,1,3,2,514,1
1,19557,2,24,2,2,3069,2,5,4,0,3,1,4,4,30,3,3,1,3,1,587,1
1,19621,1,12,2,2,2577,1,3,2,0,1,1,1,3,42,3,2,1,3,1,587,1
1,19653,1,12,2,2,1620,1,3,2,0,2,2,3,2,30,3,2,1,3,1,416,1
1,19685,1,15,2,2,1845,1,2,4,0,2,3,1,2,46,3,1,1,3,1,708,1
1,19717,1,24,2,1,6579,1,1,4,0,3,1,2,4,29,3,3,1,4,1,587,1
1,19749,1,12,2,0,1893,1,3,4,0,2,3,4,2,29,3,2,1,3,1,514,1
1,19781,1,30,4,1,10623,1,5,3,0,3,1,4,4,38,3,3,3,4,2,587,1
1,19813,1,18,2,0,2249,2,4,4,0,3,1,3,3,30,3,2,1,4,2,708,1
1,19877,2,12,4,0,958,1,4,2,0,3,1,3,1,47,3,2,2,2,2,587,1
1,19909,4,24,2,1,9277,5,3,2,1,1,1,4,4,48,3,3,1,3,1,708,1
1,19941,4,24,4,10,6314,1,1,4,1,3,2,2,4,27,1,2,2,4,1,416,1
1,19973,1,12,4,1,1526,1,5,4,0,3,1,4,4,66,3,3,2,4,1,708,1
1,20005,1,12,2,2,3590,1,3,2,0,3,2,2,2,29,3,2,1,2,2,514,1
1,20037,1,24,4,1,6615,1,1,2,0,3,1,4,4,75,3,3,2,4,1,587,1
1,20069,1,6,4,2,1872,1,1,4,0,3,1,4,4,36,3,3,3,4,1,514,1
1,20101,4,12,2,0,2859,5,1,4,1,3,1,4,4,38,3,2,1,4,1,587,1
1,20133,4,18,4,3,1582,4,5,4,1,3,1,4,3,46,3,2,2,3,1,514,1
1,20165,4,6,2,8,1238,5,1,4,1,3,1,4,2,36,3,2,1,4,2,416,1
1,20197,1,12,2,2,2578,1,1,3,0,2,1,4,4,55,3,3,1,4,1,708,1
1,20229,1,15,4,2,1433,1,3,4,0,2,1,3,2,25,3,1,2,3,1,514,1
1,20261,1,42,2,2,7882,1,4,2,0,3,3,4,2,45,3,3,1,3,2,416,1
1,20293,1,24,2,2,4169,1,3,4,0,3,1,4,2,28,3,2,1,3,1,514,1
1,20325,1,36,2,2,3959,1,1,4,0,3,1,3,2,30,3,2,1,4,1,416,1
1,20357,1,36,2,0,3249,1,4,2,0,3,1,4,4,39,1,3,1,4,2,514,1
1,20389,1,24,2,2,3149,1,2,4,0,3,1,1,4,22,1,3,1,3,1,708,1
1,20453,1,13,4,9,1797,1,2,3,0,3,1,1,2,28,1,2,2,2,1,587,1
1,20485,1,20,4,2,4272,1,5,1,0,2,1,4,2,24,3,2,2,3,1,708,1
1,20517,1,24,4,1,2957,1,5,4,0,3,1,4,2,63,3,2,2,3,1,708,1
1,20549,1,36,4,2,2348,1,3,3,0,4,1,2,2,46,3,2,2,3,1,416,1
1,20581,3,42,0,9,6289,1,2,2,1,1,1,1,2,33,3,2,2,3,1,708,1
1,20613,1,24,4,1,6419,1,5,2,0,2,1,4,4,44,3,3,2,4,2,514,1
1,20677,4,24,4,6,1597,1,5,4,1,3,1,4,4,54,3,3,2,3,2,514,1
1,20709,1,36,2,10,15857,1,1,2,0,1,2,3,3,43,3,2,1,4,1,587,1
1,20741,4,24,4,3,2223,2,5,4,1,3,1,4,2,52,1,2,2,3,1,587,1
1,20773,4,48,3,3,7238,5,5,3,1,3,1,3,3,32,1,2,2,3,2,514,1
1,20805,2,30,3,9,2503,2,5,4,0,3,1,2,2,41,2,2,2,3,1,708,1
1,20837,2,18,2,9,2622,2,3,4,0,3,1,4,3,34,3,2,1,3,1,587,1
1,20869,2,24,2,2,4351,5,3,1,0,2,1,4,2,48,3,2,1,2,1,514,1
1,20901,2,6,2,3,368,5,5,4,0,3,1,4,2,38,3,2,1,3,1,416,1
1,20933,2,12,2,8,754,5,5,4,0,3,1,4,2,38,3,2,2,3,1,587,1
1,20965,4,24,4,3,2424,5,5,4,1,3,1,4,2,53,3,2,2,3,1,514,1
1,20997,2,48,3,9,6681,5,3,4,0,3,1,4,4,38,3,3,1,3,2,416,1
1,21029,2,18,3,9,2427,5,5,4,0,3,1,2,2,42,3,2,2,3,1,514,1
1,21093,2,6,2,3,753,1,3,2,0,2,3,3,1,64,3,2,1,3,1,708,1
1,21125,2,7,2,3,2576,1,3,2,0,3,3,2,1,35,3,2,1,3,1,708,2
1,21157,2,6,2,3,590,1,2,3,0,4,1,3,1,26,3,2,1,2,1,416,2
1,21189,2,8,2,3,1414,1,3,4,0,3,3,2,1,33,3,2,1,3,1,708,2
1,21221,2,12,2,3,1103,1,4,4,0,3,3,3,1,29,3,2,2,3,1,416,1
1,21253,2,12,3,3,585,1,3,4,0,4,2,4,1,20,3,1,2,3,1,708,1
1,21285,2,6,2,3,1068,1,5,4,0,3,1,4,3,28,3,2,1,3,2,587,1
1,21317,1,8,4,0,713,1,5,4,0,3,1,4,1,47,3,2,2,2,1,587,1
1,21349,2,12,2,3,1092,1,3,4,0,2,3,4,1,49,3,2,2,3,1,514,1
1,21381,2,7,2,3,2329,1,2,1,0,2,3,1,1,45,3,2,1,3,1,514,1
1,21413,2,13,4,3,882,1,2,4,0,3,3,4,1,23,3,2,2,3,1,587,1
1,21445,2,18,2,3,866,1,3,4,0,4,3,2,1,25,3,2,1,2,1,587,1
1,21477,2,7,2,3,2415,1,3,3,0,3,3,2,1,34,3,2,1,3,1,416,1
1,21509,2,13,2,3,2101,1,2,2,0,2,3,4,2,23,3,2,1,2,1,587,1
1,21541,2,18,2,3,1301,1,5,4,0,4,3,2,1,32,3,2,1,2,1,514,1
1,21573,2,18,2,3,1113,1,3,4,0,2,3,4,1,26,3,2,1,2,2,587,1
1,21605,2,8,2,3,760,1,4,4,0,2,3,2,1,44,3,2,1,2,1,416,1
1,21637,2,12,2,3,625,1,2,4,0,4,3,1,1,26,1,2,1,2,1,514,1
1,21669,3,6,4,0,1323,2,5,2,1,1,1,4,3,28,3,2,2,3,2,587,1
1,21701,1,9,4,3,1138,1,3,4,0,3,1,4,1,25,3,2,2,2,1,587,1
1,21733,2,18,4,3,1795,1,5,3,0,2,3,4,1,48,1,1,2,2,1,416,1
1,21765,2,15,4,3,2728,5,4,4,0,3,3,2,1,35,1,2,3,3,1,514,1
1,21797,2,6,2,3,484,1,4,3,0,4,3,3,1,28,1,2,1,2,1,647,1
1,21829,2,10,1,3,1048,1,3,4,0,3,1,4,1,23,2,2,1,2,1,403,1
1,21861,2,12,2,3,1155,1,5,3,0,4,3,3,1,40,1,2,2,2,1,403,1
1,21893,2,20,3,1,7057,5,4,3,0,3,1,4,2,36,1,1,2,4,2,647,1
1,21925,2,15,4,3,1537,5,5,4,0,3,3,4,1,50,3,2,2,3,1,647,1
1,21957,1,12,2,3,2214,1,3,4,0,3,1,3,2,24,3,2,1,2,1,403,1
1,21989,4,24,4,2,1585,1,4,4,1,3,1,3,2,40,3,2,2,3,1,647,1
1,22021,2,10,2,2,1521,1,3,4,0,1,1,2,3,31,3,2,1,2,1,647,1
1,22053,2,36,1,4,3990,5,2,3,0,2,1,2,4,29,1,2,1,1,1,403,1
1,22085,3,18,2,2,3049,1,2,1,1,2,1,1,2,45,2,2,1,2,1,647,1
1,22149,4,60,2,3,10144,2,4,2,1,2,1,4,1,21,3,2,1,3,1,647,1
1,22181,1,12,2,0,1168,1,3,4,0,4,1,3,1,27,3,2,1,2,1,403,1
1,22213,2,6,2,5,454,1,2,3,0,4,1,1,2,22,3,2,1,2,1,647,1
1,22245,4,15,3,1,3594,1,2,1,1,2,1,2,2,46,3,2,2,2,1,403,1
1,22277,4,12,2,2,1768,1,3,3,1,3,1,2,1,24,3,1,1,2,1,647,1
1,22309,4,60,3,3,15653,1,4,2,1,3,1,4,3,21,3,2,2,3,1,647,1
1,22341,3,12,3,0,2247,1,3,2,1,2,1,2,3,36,2,2,2,3,1,403,1
1,22373,4,24,2,3,1413,1,3,4,1,4,1,2,2,28,3,2,1,3,1,647,1
1,22405,2,45,4,1,4576,2,1,3,0,3,1,4,3,27,3,2,1,3,1,403,1
1,22437,1,24,4,3,1231,4,5,4,0,2,1,4,2,57,3,1,2,4,1,403,1
1,22501,2,36,4,1,5800,1,3,3,0,3,1,4,3,34,3,2,2,3,1,647,1
1,22533,1,18,3,6,8471,5,3,1,0,2,1,2,3,23,3,1,2,3,1,647,1
1,22565,1,30,2,2,3622,4,5,4,0,2,1,4,2,57,3,1,2,3,1,403,1
1,22597,1,6,4,3,1169,5,5,4,0,3,1,4,1,67,3,2,2,3,1,647,1
1,22629,4,15,2,4,1262,3,4,4,1,3,1,3,2,36,3,2,2,3,1,647,1
1,22661,3,24,4,2,3617,5,5,4,1,3,2,4,4,20,3,1,2,3,1,403,1
1,22693,2,30,4,0,2181,5,5,4,0,3,1,4,1,36,3,2,2,3,1,403,1
1,22757,4,48,4,6,6110,1,3,1,1,3,1,3,4,31,1,3,1,3,1,647,1
1,22789,4,24,2,0,3757,1,5,4,1,2,2,4,4,62,3,3,1,3,1,647,1
1,22821,1,42,4,5,3394,1,1,4,0,3,2,4,3,65,3,2,2,1,1,647,1
1,22853,4,36,4,9,6304,5,5,4,1,3,1,4,1,36,3,2,2,3,1,647,1
1,22885,4,9,4,6,1244,5,5,4,1,2,1,4,2,41,3,1,2,2,1,403,1
1,22917,4,6,2,0,3518,1,3,2,1,3,3,3,2,26,3,1,1,3,1,647,1
1,22949,4,36,0,5,2613,1,3,4,1,3,1,2,3,27,3,2,2,3,1,647,1
1,22981,1,48,2,6,7476,1,4,4,0,3,1,1,4,50,3,3,1,4,1,647,1
1,23141,3,15,2,6,1905,1,5,4,1,3,1,4,3,40,3,1,1,4,1,403,1
1,23173,4,21,3,1,2993,1,3,3,1,3,1,2,1,28,2,2,2,2,1,403,1
1,23205,4,36,3,1,8947,5,4,3,1,3,1,2,3,31,2,2,1,4,2,403,1
1,23237,1,24,2,2,4020,1,3,2,0,3,1,2,3,27,2,2,1,3,1,647,1
1,23269,2,18,2,1,2779,1,3,1,0,4,1,3,3,21,3,1,1,3,1,647,1
1,23301,4,21,2,0,2782,3,4,1,1,2,1,2,3,31,1,2,1,4,1,647,1
1,23333,4,12,2,0,1884,1,5,4,1,3,1,4,3,39,3,2,1,4,1,647,1
1,23365,4,36,4,1,11054,5,3,4,1,3,1,2,3,30,3,2,1,4,1,647,1
1,23397,2,60,3,3,9157,5,3,2,0,3,1,2,4,27,3,3,1,4,1,647,1
1,23429,2,42,1,1,9283,1,1,1,0,3,1,2,4,55,1,3,1,4,1,647,1
1,23461,4,60,2,0,6527,5,3,4,1,3,1,4,4,34,3,3,1,3,2,403,1
1,23493,4,15,4,1,3368,4,5,3,1,3,1,4,4,23,3,1,2,3,1,647,1
1,23525,1,15,2,0,2511,1,1,1,0,2,1,4,3,23,3,1,1,3,1,403,1
1,23557,1,36,2,1,5493,1,5,2,0,3,1,4,4,42,3,3,1,3,2,403,1
1,23589,4,6,2,4,1338,3,3,1,1,1,1,4,1,62,3,2,1,3,1,647,1
1,23621,2,9,2,3,1082,1,5,4,0,3,1,4,3,37,3,2,2,2,1,403,1
1,23653,4,18,4,3,1149,4,3,4,1,3,1,3,1,46,3,2,2,3,1,403,1
1,23685,2,15,2,5,1308,1,5,4,0,3,1,4,3,38,3,2,2,2,1,403,1
1,23717,2,20,0,1,6148,2,5,3,0,4,1,4,3,31,1,2,2,3,1,403,1
1,23749,4,12,2,2,1736,1,4,3,1,2,1,4,1,31,3,2,1,2,1,647,1
1,23781,4,12,2,3,3059,4,4,2,1,1,1,4,1,61,3,2,1,2,1,647,1
1,23845,4,30,4,1,7596,5,5,1,1,3,1,4,3,63,3,2,2,3,1,403,1
1,23877,4,30,2,1,4811,5,4,2,1,2,1,4,2,24,2,1,1,2,1,647,1
1,23909,4,6,2,2,1766,1,3,1,1,4,1,2,2,21,3,1,1,3,1,647,1
1,23941,2,24,2,1,2760,5,5,4,0,3,1,4,4,36,1,3,1,3,1,403,1
1,23973,4,24,4,5,5507,1,5,3,1,3,1,4,4,44,3,3,2,3,1,403,1
1,24005,2,9,2,6,1199,1,4,4,0,2,1,4,2,67,3,2,2,4,1,403,1
1,24037,3,24,2,2,2892,1,5,3,1,1,1,4,4,51,3,3,1,3,1,403,1
1,24069,2,36,3,0,2862,2,5,4,0,3,1,3,4,30,3,3,1,3,1,403,1
